"Plant Datatable","errno","syscall","code","path"
"Not Found",,,,
"Not Found",,,,
"Not Found",,,,
"Not Found",,,,
"Not Found",,,,
"Not Found",,,,
"Not Found",,,,
"Not Found",,,,
"Not Found",,,,
"Not Found",,,,
"Not Found",,,,
"Not Found",,,,
"Not Found",,,,
"Not Found",,,,
"Not Found",,,,
"Not Found",,,,
"Not Found",,,,
"Not Found",,,,
"Not Found",,,,
"Not Found",,,,
"Not Found",,,,
"Not Found",,,,
"Not Found",,,,
"Not Found",,,,
"Not Found",,,,
"Not Found",,,,
"Not Found",,,,
"Not Found",,,,
"Not Found",,,,
"Not Found",,,,
"Not Found",,,,
"Not Found",,,,
"Not Found",,,,
"Not Found",,,,
"Not Found",,,,
"Not Found",,,,
"Not Found",,,,
"Not Found",,,,
"Not Found",,,,
"Not Found",,,,
"Not Found",,,,
"Not Found",,,,
"Not Found",,,,
"Not Found",,,,
"Not Found",,,,
"Not Found",,,,
"Not Found",,,,
"Not Found",,,,
"Not Found",,,,
"Not Found",,,,
"Not Found",,,,
"Not Found",,,,
"Not Found",,,,
"Not Found",,,,
"Not Found",,,,
"Not Found",,,,
"Not Found",,,,
"Not Found",,,,
"Not Found",,,,
"Not Found",,,,
"Not Found",,,,
"Not Found",,,,
"Not Found",,,,
"Not Found",,,,
"Not Found",,,,
"Not Found",,,,
"Not Found",,,,
"Not Found",,,,
"Not Found",,,,
"Not Found",,,,
"Not Found",,,,
"Not Found",,,,
"Not Found",,,,
"Not Found",,,,
"Not Found",,,,
"Not Found",,,,
"Not Found",,,,
"Not Found",,,,
"Not Found",,,,
"Not Found",,,,
"Not Found",,,,
"Not Found",,,,
"Not Found",,,,
"Not Found",,,,
"Not Found",,,,
"Not Found",,,,
"Not Found",,,,
"Not Found",,,,
"Not Found",,,,
"Not Found",,,,
"Not Found",,,,
"Not Found",,,,
"Not Found",,,,
"Not Found",,,,
"Not Found",,,,
"Not Found",,,,
"Not Found",,,,
"Not Found",,,,
"Not Found",,,,
"Not Found",,,,
"Not Found",,,,
"Not Found",,,,
"Not Found",,,,
"Not Found",,,,
"Not Found",,,,
"Not Found",,,,
"Not Found",,,,
"Not Found",,,,
"Not Found",,,,
"Not Found",,,,
"Not Found",,,,
"Not Found",,,,
"Not Found",,,,
"Not Found",,,,
"Not Found",,,,
"Not Found",,,,
"Not Found",,,,
"Not Found",,,,
"Not Found",,,,
"Not Found",,,,
"Not Found",,,,
"Not Found",,,,
"Not Found",,,,
"Not Found",,,,
"Not Found",,,,
"Not Found",,,,
"Not Found",,,,
"Not Found",,,,
"Not Found",,,,
"Not Found",,,,
"Not Found",,,,
"Not Found",,,,
"Not Found",,,,
"Not Found",,,,
"Not Found",,,,
"Not Found",,,,
"Not Found",,,,
"Not Found",,,,
"Not Found",,,,
"Not Found",,,,
"Not Found",,,,
"Not Found",,,,
"Not Found",,,,
"Not Found",,,,
"Not Found",,,,
"Not Found",,,,
"Not Found",,,,
"Not Found",,,,
"Not Found",,,,
"Not Found",,,,
"Not Found",,,,
"Not Found",,,,
"Not Found",,,,
"Not Found",,,,
"Not Found",,,,
"Not Found",,,,
"Not Found",,,,
"Not Found",,,,
"Not Found",,,,
"Not Found",,,,
"Not Found",,,,
"Not Found",,,,
"Not Found",,,,
"Not Found",,,,
"Not Found",,,,
"Not Found",,,,
"Not Found",,,,
"Not Found",,,,
"Not Found",,,,
"Not Found",,,,
"Not Found",,,,
"Not Found",,,,
"Not Found",,,,
"Not Found",,,,
"Not Found",,,,
"Not Found",,,,
"Not Found",,,,
"Not Found",,,,
"Not Found",,,,
"Not Found",,,,
"Not Found",,,,
"Not Found",,,,
"Not Found",,,,
"Not Found",,,,
"Not Found",,,,
"Not Found",,,,
"Not Found",,,,
"Not Found",,,,
"Not Found",,,,
"Not Found",,,,
"Not Found",,,,
"Not Found",,,,
"Not Found",,,,
"Not Found",,,,
"Not Found",,,,
"Not Found",,,,
"Not Found",,,,
"Not Found",,,,
"Not Found",,,,
"Not Found",,,,
"Not Found",,,,
"Not Found",,,,
"Not Found",,,,
"Not Found",,,,
"Not Found",,,,
"Not Found",,,,
"Not Found",,,,
"Not Found",,,,
"Not Found",,,,
"Not Found",,,,
"Not Found",,,,
"Not Found",,,,
"Not Found",,,,
"Not Found",,,,
"Not Found",,,,
"Not Found",,,,
"Not Found",,,,
"Not Found",,,,
"Not Found",,,,
"Not Found",,,,
"Not Found",,,,
"Not Found",,,,
"Not Found",,,,
"Not Found",,,,
"Not Found",,,,
"Not Found",,,,
"Not Found",,,,
"Not Found",,,,
"Not Found",,,,
"Not Found",,,,
"Not Found",,,,
"Not Found",,,,
"Not Found",,,,
"Not Found",,,,
"Not Found",,,,
"Not Found",,,,
"Not Found",,,,
"Not Found",,,,
"Not Found",,,,
"Not Found",,,,
"Not Found",,,,
"Not Found",,,,
"Not Found",,,,
"Not Found",,,,
"Not Found",,,,
"Not Found",,,,
"Not Found",,,,
"Not Found",,,,
"Not Found",,,,
"Not Found",,,,
"Not Found",,,,
"Not Found",,,,
"Not Found",,,,
"Not Found",,,,
"Not Found",,,,
"Not Found",,,,
"Not Found",,,,
"Not Found",,,,
"Not Found",,,,
"Not Found",,,,
"Not Found",,,,
"Not Found",,,,
"Not Found",,,,
"Not Found",,,,
"Not Found",,,,
"Not Found",,,,
"Not Found",,,,
"Not Found",,,,
"Not Found",,,,
"Not Found",,,,
"Not Found",,,,
"Not Found",,,,
"Not Found",,,,
"Not Found",,,,
"Not Found",,,,
"Not Found",,,,
"Not Found",,,,
"Not Found",,,,
"Not Found",,,,
"Not Found",,,,
"Not Found",,,,
"Not Found",,,,
"Not Found",,,,
"Not Found",,,,
"Not Found",,,,
"Not Found",,,,
"Not Found",,,,
"Not Found",,,,
"Not Found",,,,
"Not Found",,,,
"Not Found",,,,
"Not Found",,,,
"Not Found",,,,
"Not Found",,,,
"Not Found",,,,
"Not Found",,,,
"Not Found",,,,
"Not Found",,,,
"Not Found",,,,
"Not Found",,,,
"Not Found",,,,
"Not Found",,,,
"Not Found",,,,
"Not Found",,,,
"Not Found",,,,
"Not Found",,,,
"Not Found",,,,
"Not Found",,,,
"Not Found",,,,
"Not Found",,,,
"Not Found",,,,
"Not Found",,,,
"Not Found",,,,
"Not Found",,,,
"Not Found",,,,
"Not Found",,,,
"Not Found",,,,
"Not Found",,,,
"Not Found",,,,
"Not Found",,,,
"Not Found",,,,
"Not Found",,,,
"Not Found",,,,
"Not Found",,,,
"Not Found",,,,
"Not Found",,,,
"Not Found",,,,
"Not Found",,,,
"Not Found",,,,
"Not Found",,,,
"Not Found",,,,
"Not Found",,,,
"Not Found",,,,
"Not Found",,,,
"Not Found",,,,
"Not Found",,,,
"Not Found",,,,
"Not Found",,,,
"Not Found",,,,
"Not Found",,,,
"Not Found",,,,
"Not Found",,,,
"Not Found",,,,
"Not Found",,,,
"Not Found",,,,
"Not Found",,,,
"Not Found",,,,
"Not Found",,,,
"Not Found",,,,
"Not Found",,,,
"Not Found",,,,
"Not Found",,,,
"Not Found",,,,
"Not Found",,,,
"Not Found",,,,
"Not Found",,,,
"Not Found",,,,
"Not Found",,,,
"Not Found",,,,
"Not Found",,,,
"Not Found",,,,
"Not Found",,,,
"Not Found",,,,
"Not Found",,,,
"Not Found",,,,
"Not Found",,,,
"Not Found",,,,
"Not Found",,,,
"Not Found",,,,
"Not Found",,,,
"Not Found",,,,
"Not Found",,,,
"Not Found",,,,
"Not Found",,,,
"Not Found",,,,
"Not Found",,,,
"Not Found",,,,
"Not Found",,,,
"Not Found",,,,
"Not Found",,,,
"Not Found",,,,
"Not Found",,,,
"Not Found",,,,
"Not Found",,,,
"Not Found",,,,
"Not Found",,,,
"Not Found",,,,
"Not Found",,,,
"Not Found",,,,
"Not Found",,,,
"Not Found",,,,
"Not Found",,,,
"Not Found",,,,
"Not Found",,,,
"Not Found",,,,
"Not Found",,,,
"Not Found",,,,
"Not Found",,,,
"Not Found",,,,
"Not Found",,,,
"Not Found",,,,
"Not Found",,,,
"Not Found",,,,
"Not Found",,,,
"Not Found",,,,
"Not Found",,,,
"Not Found",,,,
"Not Found",,,,
"Not Found",,,,
"Not Found",,,,
"Not Found",,,,
"Not Found",,,,
"Not Found",,,,
"Not Found",,,,
"Not Found",,,,
"Not Found",,,,
"Not Found",,,,
"Not Found",,,,
"Not Found",,,,
"Not Found",,,,
"Not Found",,,,
"Not Found",,,,
"Not Found",,,,
"Not Found",,,,
"Not Found",,,,
"Not Found",,,,
"Not Found",,,,
"Not Found",,,,
"Not Found",,,,
"Not Found",,,,
"Not Found",,,,
"Not Found",,,,
"Not Found",,,,
"Not Found",,,,
"Not Found",,,,
"Not Found",,,,
"Not Found",,,,
"Not Found",,,,
"Not Found",,,,
"Not Found",,,,
"Not Found",,,,
"Not Found",,,,
"Not Found",,,,
"Not Found",,,,
"Not Found",,,,
"Not Found",,,,
"Not Found",,,,
"Not Found",,,,
"Not Found",,,,
"Not Found",,,,
"Not Found",,,,
"Not Found",,,,
"Not Found",,,,
"Not Found",,,,
"Not Found",,,,
"Not Found",,,,
"Not Found",,,,
"Not Found",,,,
"Not Found",,,,
"Not Found",,,,
"Not Found",,,,
"Not Found",,,,
"Not Found",,,,
"Not Found",,,,
"Not Found",,,,
"Not Found",,,,
"Not Found",,,,
"Not Found",,,,
"Not Found",,,,
"Not Found",,,,
"Not Found",,,,
"Not Found",,,,
"Not Found",,,,
"Not Found",,,,
"Not Found",,,,
"Not Found",,,,
"Not Found",,,,
"Not Found",,,,
"Not Found",,,,
"Not Found",,,,
"Not Found",,,,
"Not Found",,,,
"Not Found",,,,
"Not Found",,,,
"Not Found",,,,
"Not Found",,,,
"Not Found",,,,
"Not Found",,,,
"Not Found",,,,
"Not Found",,,,
"Not Found",,,,
,-2,"open","ENOENT","/Users/aidnurs/coding/bachelor/practicalplants/wiki/Biogenic_Decalcifier/index.html"
"Not Found",,,,
"Not Found",,,,
"Not Found",,,,
"Not Found",,,,
"Not Found",,,,
"Not Found",,,,
"Not Found",,,,
"Not Found",,,,
"Not Found",,,,
"Not Found",,,,
"Not Found",,,,
"Not Found",,,,
"Not Found",,,,
"Not Found",,,,
"Not Found",,,,
"Not Found",,,,
"Not Found",,,,
"Not Found",,,,
"Not Found",,,,
"Not Found",,,,
"Not Found",,,,
"Not Found",,,,
"Not Found",,,,
"Not Found",,,,
"Not Found",,,,
"Not Found",,,,
"Not Found",,,,
"Not Found",,,,
"Not Found",,,,
"Not Found",,,,
"Not Found",,,,
"Not Found",,,,
"Not Found",,,,
"Not Found",,,,
"Not Found",,,,
"Not Found",,,,
"Not Found",,,,
"Not Found",,,,
"Not Found",,,,
"Not Found",,,,
"Not Found",,,,
"Not Found",,,,
"Not Found",,,,
"Not Found",,,,
"Not Found",,,,
"Not Found",,,,
"Not Found",,,,
"Not Found",,,,
"Not Found",,,,
"Not Found",,,,
"Not Found",,,,
"Not Found",,,,
"Not Found",,,,
"Not Found",,,,
"Not Found",,,,
"Not Found",,,,
"Not Found",,,,
"Not Found",,,,
"Not Found",,,,
"Not Found",,,,
"Not Found",,,,
"Not Found",,,,
"Not Found",,,,
"Not Found",,,,
"Not Found",,,,
"Not Found",,,,
"Not Found",,,,
"Not Found",,,,
"Not Found",,,,
"Not Found",,,,
"Not Found",,,,
"Not Found",,,,
"Not Found",,,,
"Not Found",,,,
"Not Found",,,,
"Not Found",,,,
"Not Found",,,,
"Not Found",,,,
"Not Found",,,,
"Not Found",,,,
"Not Found",,,,
"Not Found",,,,
"Not Found",,,,
"Not Found",,,,
"Not Found",,,,
"Not Found",,,,
"Not Found",,,,
"Not Found",,,,
"Not Found",,,,
"Not Found",,,,
"Not Found",,,,
"Not Found",,,,
"Not Found",,,,
"Not Found",,,,
"Not Found",,,,
"Not Found",,,,
"Not Found",,,,
"Not Found",,,,
"Not Found",,,,
"Not Found",,,,
"Not Found",,,,
"Not Found",,,,
"Not Found",,,,
"Not Found",,,,
"Not Found",,,,
"Not Found",,,,
"Not Found",,,,
"Not Found",,,,
"Not Found",,,,
"Not Found",,,,
"Not Found",,,,
"Not Found",,,,
"Not Found",,,,
"Not Found",,,,
"Not Found",,,,
"Not Found",,,,
"Not Found",,,,
"Not Found",,,,
"Not Found",,,,
"Not Found",,,,
"Not Found",,,,
"Not Found",,,,
"Not Found",,,,
"Not Found",,,,
"Not Found",,,,
"Not Found",,,,
"Not Found",,,,
"Not Found",,,,
"Not Found",,,,
"Not Found",,,,
"Not Found",,,,
"Not Found",,,,
"Not Found",,,,
"Not Found",,,,
"Not Found",,,,
"Not Found",,,,
"Not Found",,,,
"Not Found",,,,
"Not Found",,,,
"Not Found",,,,
"Not Found",,,,
"Not Found",,,,
"Not Found",,,,
"Not Found",,,,
"Not Found",,,,
"Not Found",,,,
"Not Found",,,,
"Not Found",,,,
"Not Found",,,,
"Not Found",,,,
"Not Found",,,,
"Not Found",,,,
"Not Found",,,,
"Not Found",,,,
"Not Found",,,,
"Not Found",,,,
"Not Found",,,,
"Not Found",,,,
"Not Found",,,,
"Not Found",,,,
"Not Found",,,,
"Not Found",,,,
"Not Found",,,,
"Not Found",,,,
"Not Found",,,,
"Not Found",,,,
"Not Found",,,,
"Not Found",,,,
"Not Found",,,,
"Not Found",,,,
"Not Found",,,,
"Not Found",,,,
"Not Found",,,,
"Not Found",,,,
"Not Found",,,,
"Not Found",,,,
"Not Found",,,,
"Not Found",,,,
"Not Found",,,,
"Not Found",,,,
"Not Found",,,,
"Not Found",,,,
"Not Found",,,,
"Not Found",,,,
"Not Found",,,,
"Not Found",,,,
"Not Found",,,,
"Not Found",,,,
"Not Found",,,,
"Not Found",,,,
"Not Found",,,,
"Not Found",,,,
"Not Found",,,,
"Not Found",,,,
"Not Found",,,,
"Not Found",,,,
"Not Found",,,,
"Not Found",,,,
"Not Found",,,,
"Not Found",,,,
"Not Found",,,,
"Not Found",,,,
"Not Found",,,,
"Not Found",,,,
"Not Found",,,,
"Not Found",,,,
"Not Found",,,,
"Not Found",,,,
"Not Found",,,,
"Not Found",,,,
"Not Found",,,,
"Not Found",,,,
"Not Found",,,,
"Not Found",,,,
"Not Found",,,,
"Not Found",,,,
"Not Found",,,,
"Not Found",,,,
"Not Found",,,,
"Not Found",,,,
"Not Found",,,,
"Not Found",,,,
"Not Found",,,,
"Not Found",,,,
"Not Found",,,,
"Not Found",,,,
"Not Found",,,,
"Not Found",,,,
"Not Found",,,,
"Not Found",,,,
"Not Found",,,,
"Not Found",,,,
"Not Found",,,,
"Not Found",,,,
"Not Found",,,,
"Not Found",,,,
"Not Found",,,,
"Not Found",,,,
"Not Found",,,,
"Not Found",,,,
"Not Found",,,,
"Not Found",,,,
"Not Found",,,,
"Not Found",,,,
"Not Found",,,,
"Not Found",,,,
"Not Found",,,,
"Not Found",,,,
"Not Found",,,,
"Not Found",,,,
"Not Found",,,,
"Not Found",,,,
"Not Found",,,,
"Not Found",,,,
"Not Found",,,,
"Not Found",,,,
"Not Found",,,,
"Not Found",,,,
"Not Found",,,,
"Not Found",,,,
"Not Found",,,,
"Not Found",,,,
"Not Found",,,,
"Not Found",,,,
"Not Found",,,,
"Not Found",,,,
"Not Found",,,,
"Not Found",,,,
"Not Found",,,,
"Not Found",,,,
"Not Found",,,,
"Not Found",,,,
"Not Found",,,,
"Not Found",,,,
"Not Found",,,,
"Not Found",,,,
"Not Found",,,,
"Not Found",,,,
"Not Found",,,,
"Not Found",,,,
"Not Found",,,,
"Not Found",,,,
"Not Found",,,,
"Not Found",,,,
"Not Found",,,,
"Not Found",,,,
"Not Found",,,,
"Not Found",,,,
"Not Found",,,,
"Not Found",,,,
"Not Found",,,,
"Not Found",,,,
"Not Found",,,,
"Not Found",,,,
"Not Found",,,,
"Not Found",,,,
"Not Found",,,,
"Not Found",,,,
"Not Found",,,,
"Not Found",,,,
"Not Found",,,,
"Not Found",,,,
"Not Found",,,,
"Not Found",,,,
"Not Found",,,,
"Not Found",,,,
"Not Found",,,,
"Not Found",,,,
"Not Found",,,,
"Not Found",,,,
"Not Found",,,,
"Not Found",,,,
"Not Found",,,,
"Not Found",,,,
"Not Found",,,,
"Not Found",,,,
"Not Found",,,,
"Not Found",,,,
"Not Found",,,,
"Not Found",,,,
"Not Found",,,,
"Not Found",,,,
"Not Found",,,,
"Not Found",,,,
"Not Found",,,,
"Not Found",,,,
"Not Found",,,,
"Not Found",,,,
"Not Found",,,,
"Not Found",,,,
"Not Found",,,,
"Not Found",,,,
"Not Found",,,,
"Not Found",,,,
"Not Found",,,,
"Not Found",,,,
"Not Found",,,,
"Not Found",,,,
"Not Found",,,,
"Not Found",,,,
"Not Found",,,,
"Not Found",,,,
"Not Found",,,,
"Not Found",,,,
"Not Found",,,,
"Not Found",,,,
"Not Found",,,,
"Not Found",,,,
"Not Found",,,,
"Not Found",,,,
"Not Found",,,,
"Not Found",,,,
"Not Found",,,,
"Not Found",,,,
"Not Found",,,,
"Not Found",,,,
"Not Found",,,,
"Not Found",,,,
"Not Found",,,,
"Not Found",,,,
"Not Found",,,,
"Not Found",,,,
"Not Found",,,,
"Not Found",,,,
"Not Found",,,,
"Not Found",,,,
"Not Found",,,,
"Not Found",,,,
"Not Found",,,,
"Not Found",,,,
"Not Found",,,,
"Not Found",,,,
"Not Found",,,,
"Not Found",,,,
"Not Found",,,,
"Not Found",,,,
"Not Found",,,,
"Not Found",,,,
"Not Found",,,,
"Not Found",,,,
"Not Found",,,,
"Not Found",,,,
"Not Found",,,,
"Not Found",,,,
"Not Found",,,,
"Not Found",,,,
"Not Found",,,,
"Not Found",,,,
"Not Found",,,,
"Not Found",,,,
"Not Found",,,,
"Not Found",,,,
"Not Found",,,,
"Not Found",,,,
"Not Found",,,,
"Not Found",,,,
"Not Found",,,,
"Not Found",,,,
"Not Found",,,,
"Not Found",,,,
"Not Found",,,,
"Not Found",,,,
"Not Found",,,,
"Not Found",,,,
"Not Found",,,,
"Not Found",,,,
"Not Found",,,,
"Not Found",,,,
"Not Found",,,,
"Not Found",,,,
"Not Found",,,,
"Not Found",,,,
"Not Found",,,,
"Not Found",,,,
"Not Found",,,,
"Not Found",,,,
"Not Found",,,,
"Not Found",,,,
"Not Found",,,,
"Not Found",,,,
"Not Found",,,,
"Not Found",,,,
"Not Found",,,,
"Not Found",,,,
"Not Found",,,,
"Not Found",,,,
"Not Found",,,,
"Not Found",,,,
"Not Found",,,,
"Not Found",,,,
"Not Found",,,,
"Not Found",,,,
"Not Found",,,,
"Not Found",,,,
"Not Found",,,,
"Not Found",,,,
"Not Found",,,,
"Not Found",,,,
"Not Found",,,,
"Not Found",,,,
"Not Found",,,,
"Not Found",,,,
"Not Found",,,,
"Not Found",,,,
"Not Found",,,,
"Not Found",,,,
"Not Found",,,,
"Not Found",,,,
"Not Found",,,,
"Not Found",,,,
"Not Found",,,,
"Not Found",,,,
"Not Found",,,,
"Not Found",,,,
"Not Found",,,,
"Not Found",,,,
"Not Found",,,,
"Not Found",,,,
"Not Found",,,,
"Not Found",,,,
"Not Found",,,,
"Not Found",,,,
"Not Found",,,,
"Not Found",,,,
"Not Found",,,,
"Not Found",,,,
"Not Found",,,,
"Not Found",,,,
"Not Found",,,,
"Not Found",,,,
"Not Found",,,,
"Not Found",,,,
"Not Found",,,,
"Not Found",,,,
"Not Found",,,,
"Not Found",,,,
"Not Found",,,,
"Not Found",,,,
"Not Found",,,,
"Not Found",,,,
"Not Found",,,,
"Not Found",,,,
"Not Found",,,,
"Not Found",,,,
"Not Found",,,,
"Not Found",,,,
"Not Found",,,,
"Not Found",,,,
"Not Found",,,,
"Not Found",,,,
"Not Found",,,,
"Not Found",,,,
"Not Found",,,,
"Not Found",,,,
"Not Found",,,,
"Not Found",,,,
"Not Found",,,,
"Not Found",,,,
"Not Found",,,,
"Not Found",,,,
"Not Found",,,,
"Not Found",,,,
"Not Found",,,,
"Not Found",,,,
"Not Found",,,,
"Not Found",,,,
"Not Found",,,,
"Not Found",,,,
"Not Found",,,,
"Not Found",,,,
"Not Found",,,,
"Not Found",,,,
"Not Found",,,,
"Not Found",,,,
"Not Found",,,,
"Not Found",,,,
"Not Found",,,,
"Not Found",,,,
"Not Found",,,,
"Not Found",,,,
"Not Found",,,,
"Not Found",,,,
"Not Found",,,,
"Not Found",,,,
"Not Found",,,,
"Not Found",,,,
"Not Found",,,,
"Not Found",,,,
"Not Found",,,,
"Not Found",,,,
"Not Found",,,,
"Not Found",,,,
"Not Found",,,,
"Not Found",,,,
"Not Found",,,,
"Not Found",,,,
"Not Found",,,,
"Not Found",,,,
"Not Found",,,,
"Not Found",,,,
"Not Found",,,,
"Not Found",,,,
"Not Found",,,,
"Not Found",,,,
"Not Found",,,,
"Not Found",,,,
"Not Found",,,,
"Not Found",,,,
"Not Found",,,,
"Not Found",,,,
"Not Found",,,,
"Not Found",,,,
"Not Found",,,,
"Not Found",,,,
"Not Found",,,,
"Not Found",,,,
"Not Found",,,,
"Not Found",,,,
"Not Found",,,,
"Not Found",,,,
"Not Found",,,,
"Not Found",,,,
"Not Found",,,,
"Not Found",,,,
"Not Found",,,,
"Not Found",,,,
"Not Found",,,,
"Not Found",,,,
"Not Found",,,,
"Not Found",,,,
"Not Found",,,,
"Not Found",,,,
"Not Found",,,,
"Not Found",,,,
"Not Found",,,,
"Not Found",,,,
"Not Found",,,,
"Not Found",,,,
"Not Found",,,,
"Not Found",,,,
"Not Found",,,,
"Not Found",,,,
"Not Found",,,,
"Not Found",,,,
"Not Found",,,,
"Not Found",,,,
"Not Found",,,,
"Not Found",,,,
"Not Found",,,,
"Not Found",,,,
"Not Found",,,,
"Not Found",,,,
"Not Found",,,,
"Not Found",,,,
"Not Found",,,,
"Not Found",,,,
"Not Found",,,,
"Not Found",,,,
"Not Found",,,,
"Not Found",,,,
"Not Found",,,,
"Not Found",,,,
"Not Found",,,,
"Not Found",,,,
"Not Found",,,,
"Not Found",,,,
"Not Found",,,,
"Not Found",,,,
"Not Found",,,,
"Not Found",,,,
"Not Found",,,,
"Not Found",,,,
"Not Found",,,,
"Not Found",,,,
"Not Found",,,,
"Not Found",,,,
"Not Found",,,,
"Not Found",,,,
"Not Found",,,,
"Not Found",,,,
"Not Found",,,,
"Not Found",,,,
"Not Found",,,,
"Not Found",,,,
"Not Found",,,,
"Not Found",,,,
"Not Found",,,,
"Not Found",,,,
"Not Found",,,,
"Not Found",,,,
"Not Found",,,,
"Not Found",,,,
"Not Found",,,,
"Not Found",,,,
"Not Found",,,,
"Not Found",,,,
"Not Found",,,,
"Not Found",,,,
"Not Found",,,,
"Not Found",,,,
"Not Found",,,,
"Not Found",,,,
"Not Found",,,,
"Not Found",,,,
"Not Found",,,,
"Not Found",,,,
"Not Found",,,,
"Not Found",,,,
"Not Found",,,,
"Not Found",,,,
"Not Found",,,,
"Not Found",,,,
"Not Found",,,,
"Not Found",,,,
"Not Found",,,,
"Not Found",,,,
"Not Found",,,,
"Not Found",,,,
"Not Found",,,,
"Not Found",,,,
"Not Found",,,,
"Not Found",,,,
"Not Found",,,,
"Not Found",,,,
"Not Found",,,,
"Not Found",,,,
"Not Found",,,,
"Not Found",,,,
"Not Found",,,,
"Not Found",,,,
"Not Found",,,,
"Not Found",,,,
"Not Found",,,,
"Not Found",,,,
"Not Found",,,,
"Not Found",,,,
"Not Found",,,,
"Not Found",,,,
"Not Found",,,,
"Not Found",,,,
"Not Found",,,,
"Not Found",,,,
"Not Found",,,,
"Not Found",,,,
"Not Found",,,,
"Not Found",,,,
"Not Found",,,,
"Not Found",,,,
"Not Found",,,,
"Not Found",,,,
"Not Found",,,,
"Not Found",,,,
"Not Found",,,,
"Not Found",,,,
"Not Found",,,,
"Not Found",,,,
"Not Found",,,,
"Not Found",,,,
"Not Found",,,,
"Not Found",,,,
"Not Found",,,,
"Not Found",,,,
"Not Found",,,,
"Not Found",,,,
"Not Found",,,,
"Not Found",,,,
"Not Found",,,,
"Not Found",,,,
"Not Found",,,,
"Not Found",,,,
"Not Found",,,,
"Not Found",,,,
"Not Found",,,,
"Not Found",,,,
"Not Found",,,,
"Not Found",,,,
"Not Found",,,,
"Not Found",,,,
"Not Found",,,,
"Not Found",,,,
"Not Found",,,,
"Not Found",,,,
"Not Found",,,,
"Not Found",,,,
"Not Found",,,,
"Not Found",,,,
"Not Found",,,,
"Not Found",,,,
"Not Found",,,,
"Not Found",,,,
"Not Found",,,,
"Not Found",,,,
"Not Found",,,,
"Not Found",,,,
"Not Found",,,,
"Not Found",,,,
"Not Found",,,,
"Not Found",,,,
"Not Found",,,,
"Not Found",,,,
"Not Found",,,,
"Not Found",,,,
"Not Found",,,,
"Not Found",,,,
"Not Found",,,,
"Not Found",,,,
"Not Found",,,,
"Not Found",,,,
"Not Found",,,,
"Not Found",,,,
"Not Found",,,,
"Not Found",,,,
"Not Found",,,,
"Not Found",,,,
"Not Found",,,,
"Not Found",,,,
"Not Found",,,,
"Not Found",,,,
"Not Found",,,,
"Not Found",,,,
"Not Found",,,,
"Not Found",,,,
"Not Found",,,,
"Not Found",,,,
"Not Found",,,,
"Not Found",,,,
"Not Found",,,,
"Not Found",,,,
"Not Found",,,,
"Not Found",,,,
"Not Found",,,,
"Not Found",,,,
"Not Found",,,,
"Not Found",,,,
"Not Found",,,,
"Not Found",,,,
"Not Found",,,,
"Not Found",,,,
"Not Found",,,,
"Not Found",,,,
"Not Found",,,,
"Not Found",,,,
"Not Found",,,,
"Not Found",,,,
"Not Found",,,,
"Not Found",,,,
"Not Found",,,,
"Not Found",,,,
"Not Found",,,,
"Not Found",,,,
"Not Found",,,,
"Not Found",,,,
"Not Found",,,,
"Not Found",,,,
"Not Found",,,,
"Not Found",,,,
"Not Found",,,,
"Not Found",,,,
"Not Found",,,,
"Not Found",,,,
"Not Found",,,,
"Not Found",,,,
"Not Found",,,,
"Not Found",,,,
"Not Found",,,,
"Not Found",,,,
"Not Found",,,,
"Not Found",,,,
"Not Found",,,,
"Not Found",,,,
"Not Found",,,,
"Not Found",,,,
"Not Found",,,,
"Not Found",,,,
"Not Found",,,,
"Not Found",,,,
"Not Found",,,,
"Not Found",,,,
"Not Found",,,,
"Not Found",,,,
"Not Found",,,,
"Not Found",,,,
"Not Found",,,,
"Not Found",,,,
"Not Found",,,,
"Not Found",,,,
"Not Found",,,,
"Not Found",,,,
"Not Found",,,,
"Not Found",,,,
"Not Found",,,,
"Not Found",,,,
"Not Found",,,,
"Not Found",,,,
"Not Found",,,,
"Not Found",,,,
"Not Found",,,,
"Not Found",,,,
"Not Found",,,,
"Not Found",,,,
"Not Found",,,,
"Not Found",,,,
"Not Found",,,,
"Not Found",,,,
"Not Found",,,,
"Not Found",,,,
"Not Found",,,,
"Not Found",,,,
"Not Found",,,,
"Not Found",,,,
"Not Found",,,,
"Not Found",,,,
"Not Found",,,,
"Not Found",,,,
"Not Found",,,,
"Not Found",,,,
"Not Found",,,,
"Not Found",,,,
"Not Found",,,,
"Not Found",,,,
"Not Found",,,,
"Not Found",,,,
"Not Found",,,,
"Not Found",,,,
"Not Found",,,,
"Not Found",,,,
"Not Found",,,,
"Not Found",,,,
"Not Found",,,,
"Not Found",,,,
"Not Found",,,,
"Not Found",,,,
"Not Found",,,,
"Not Found",,,,
"Not Found",,,,
"Not Found",,,,
"Not Found",,,,
"Not Found",,,,
"Not Found",,,,
"Not Found",,,,
"Not Found",,,,
"Not Found",,,,
"Not Found",,,,
"Not Found",,,,
"Not Found",,,,
"Not Found",,,,
"Not Found",,,,
"Not Found",,,,
"Not Found",,,,
"Not Found",,,,
"Not Found",,,,
"Not Found",,,,
"Not Found",,,,
"Not Found",,,,
"Not Found",,,,
"Not Found",,,,
"Not Found",,,,
"Not Found",,,,
"Not Found",,,,
"Not Found",,,,
"Not Found",,,,
"Not Found",,,,
"Not Found",,,,
"Not Found",,,,
"Not Found",,,,
"Not Found",,,,
"Not Found",,,,
"Not Found",,,,
"Not Found",,,,
"Not Found",,,,
"Not Found",,,,
"Not Found",,,,
"Not Found",,,,
"Not Found",,,,
"Not Found",,,,
"Not Found",,,,
"Not Found",,,,
"Not Found",,,,
"Not Found",,,,
"Not Found",,,,
"Not Found",,,,
"Not Found",,,,
"Not Found",,,,
"Not Found",,,,
"Not Found",,,,
"Not Found",,,,
"Not Found",,,,
"Not Found",,,,
"Not Found",,,,
"Not Found",,,,
"Not Found",,,,
"Not Found",,,,
"Not Found",,,,
"Not Found",,,,
"Not Found",,,,
"Not Found",,,,
"Not Found",,,,
"Not Found",,,,
"Not Found",,,,
"Not Found",,,,
"Not Found",,,,
"Not Found",,,,
"Not Found",,,,
"Not Found",,,,
"Not Found",,,,
"Not Found",,,,
"Not Found",,,,
"Not Found",,,,
"Not Found",,,,
"Not Found",,,,
"Not Found",,,,
"Not Found",,,,
"Not Found",,,,
"Not Found",,,,
"Not Found",,,,
"Not Found",,,,
"Not Found",,,,
"Not Found",,,,
"Not Found",,,,
"Not Found",,,,
"Not Found",,,,
"Not Found",,,,
"Not Found",,,,
"Not Found",,,,
"Not Found",,,,
"Not Found",,,,
"Not Found",,,,
"Not Found",,,,
"Not Found",,,,
"Not Found",,,,
"Not Found",,,,
"Not Found",,,,
"Not Found",,,,
"Not Found",,,,
"Not Found",,,,
"Not Found",,,,
"Not Found",,,,
"Not Found",,,,
"Not Found",,,,
"Not Found",,,,
"Not Found",,,,
"Not Found",,,,
"Not Found",,,,
"Not Found",,,,
"Not Found",,,,
"Not Found",,,,
"Not Found",,,,
"Not Found",,,,
"Not Found",,,,
"Not Found",,,,
"Not Found",,,,
"Not Found",,,,
"Not Found",,,,
"Not Found",,,,
"Not Found",,,,
"Not Found",,,,
"Not Found",,,,
"Not Found",,,,
"Not Found",,,,
"Not Found",,,,
"Not Found",,,,
"Not Found",,,,
"Not Found",,,,
"Not Found",,,,
"Not Found",,,,
"Not Found",,,,
"Not Found",,,,
"Not Found",,,,
"Not Found",,,,
"Not Found",,,,
"Not Found",,,,
"Not Found",,,,
"Not Found",,,,
"Not Found",,,,
"Not Found",,,,
"Not Found",,,,
"Not Found",,,,
"Not Found",,,,
"Not Found",,,,
"Not Found",,,,
"Not Found",,,,
"Not Found",,,,
"Not Found",,,,
"Not Found",,,,
"Not Found",,,,
"Not Found",,,,
"Not Found",,,,
"Not Found",,,,
"Not Found",,,,
"Not Found",,,,
"Not Found",,,,
"Not Found",,,,
"Not Found",,,,
"Not Found",,,,
"Not Found",,,,
"Not Found",,,,
"Not Found",,,,
"Not Found",,,,
"Not Found",,,,
"Not Found",,,,
"Not Found",,,,
"Not Found",,,,
"Not Found",,,,
"Not Found",,,,
"Not Found",,,,
"Not Found",,,,
"Not Found",,,,
"Not Found",,,,
"Not Found",,,,
"Not Found",,,,
"Not Found",,,,
"Not Found",,,,
"Not Found",,,,
"Not Found",,,,
"Not Found",,,,
"Not Found",,,,
"Not Found",,,,
"Not Found",,,,
"Not Found",,,,
"Not Found",,,,
"Not Found",,,,
"Not Found",,,,
"Not Found",,,,
"Not Found",,,,
"Not Found",,,,
"Not Found",,,,
"Not Found",,,,
"Not Found",,,,
"Not Found",,,,
"Not Found",,,,
"Not Found",,,,
"Not Found",,,,
"Not Found",,,,
"Not Found",,,,
"Not Found",,,,
"Not Found",,,,
"Not Found",,,,
"Not Found",,,,
"Not Found",,,,
"Not Found",,,,
"Not Found",,,,
"Not Found",,,,
"Not Found",,,,
"Not Found",,,,
"Not Found",,,,
"Not Found",,,,
"Not Found",,,,
"Not Found",,,,
"Not Found",,,,
"Not Found",,,,
"Not Found",,,,
"Not Found",,,,
"Not Found",,,,
"Not Found",,,,
"Not Found",,,,
"Not Found",,,,
"Not Found",,,,
"Not Found",,,,
"Not Found",,,,
"Not Found",,,,
"Not Found",,,,
"Not Found",,,,
"Not Found",,,,
"Not Found",,,,
"Not Found",,,,
"Not Found",,,,
"Not Found",,,,
"Not Found",,,,
"Not Found",,,,
"Not Found",,,,
"Not Found",,,,
"Not Found",,,,
"Not Found",,,,
"Not Found",,,,
"Not Found",,,,
"Not Found",,,,
"Not Found",,,,
"Not Found",,,,
"Not Found",,,,
"Not Found",,,,
"Not Found",,,,
"Not Found",,,,
"Not Found",,,,
"Not Found",,,,
"Not Found",,,,
"Not Found",,,,
"Not Found",,,,
"Not Found",,,,
"Not Found",,,,
"Not Found",,,,
"Not Found",,,,
"Not Found",,,,
"Not Found",,,,
"Not Found",,,,
"Not Found",,,,
"Not Found",,,,
"Not Found",,,,
"Not Found",,,,
"Not Found",,,,
"Not Found",,,,
"Not Found",,,,
"Not Found",,,,
"Not Found",,,,
"Not Found",,,,
"Not Found",,,,
"Not Found",,,,
"Not Found",,,,
"Not Found",,,,
"Not Found",,,,
"Not Found",,,,
"Not Found",,,,
"Not Found",,,,
"Not Found",,,,
"Not Found",,,,
"Not Found",,,,
"Not Found",,,,
"Not Found",,,,
"Not Found",,,,
"Not Found",,,,
"Not Found",,,,
"Not Found",,,,
"Not Found",,,,
"Not Found",,,,
"Not Found",,,,
"Not Found",,,,
"Not Found",,,,
"Not Found",,,,
"Not Found",,,,
"Not Found",,,,
"Not Found",,,,
"Not Found",,,,
"Not Found",,,,
"Not Found",,,,
"Not Found",,,,
"Not Found",,,,
"Not Found",,,,
"Not Found",,,,
"Not Found",,,,
"Not Found",,,,
"Not Found",,,,
"Not Found",,,,
"Not Found",,,,
"Not Found",,,,
"Not Found",,,,
"Not Found",,,,
"Not Found",,,,
"Not Found",,,,
"Not Found",,,,
"Not Found",,,,
"Not Found",,,,
"Not Found",,,,
"Not Found",,,,
"Not Found",,,,
"Not Found",,,,
"Not Found",,,,
"Not Found",,,,
"Not Found",,,,
"Not Found",,,,
"Not Found",,,,
"Not Found",,,,
"Not Found",,,,
"Not Found",,,,
"Not Found",,,,
"Not Found",,,,
"Not Found",,,,
"Not Found",,,,
"Not Found",,,,
"Not Found",,,,
"Not Found",,,,
"Not Found",,,,
"Not Found",,,,
"Not Found",,,,
"Not Found",,,,
"Not Found",,,,
"Not Found",,,,
"Not Found",,,,
"Not Found",,,,
"Not Found",,,,
"Not Found",,,,
"Not Found",,,,
"Not Found",,,,
"Not Found",,,,
"Not Found",,,,
"Not Found",,,,
"Not Found",,,,
"Not Found",,,,
"Not Found",,,,
"Not Found",,,,
"Not Found",,,,
"Not Found",,,,
"Not Found",,,,
"Not Found",,,,
"Not Found",,,,
"Not Found",,,,
"Not Found",,,,
"Not Found",,,,
"Not Found",,,,
"Not Found",,,,
"Not Found",,,,
"Not Found",,,,
"Not Found",,,,
"Not Found",,,,
"Not Found",,,,
"Not Found",,,,
"Not Found",,,,
"Not Found",,,,
"Not Found",,,,
"Not Found",,,,
"Not Found",,,,
"Not Found",,,,
"Not Found",,,,
"Not Found",,,,
"Not Found",,,,
"Not Found",,,,
"Not Found",,,,
"Not Found",,,,
"Not Found",,,,
"Not Found",,,,
"Not Found",,,,
"Not Found",,,,
"Not Found",,,,
"Not Found",,,,
"Not Found",,,,
"Not Found",,,,
"Not Found",,,,
"Not Found",,,,
"Not Found",,,,
"Not Found",,,,
"Not Found",,,,
"Not Found",,,,
"Not Found",,,,
"Not Found",,,,
"Not Found",,,,
"Not Found",,,,
"Not Found",,,,
"Not Found",,,,
"Not Found",,,,
"Not Found",,,,
"Not Found",,,,
"Not Found",,,,
"Not Found",,,,
"Not Found",,,,
"Not Found",,,,
"Not Found",,,,
"Not Found",,,,
"Not Found",,,,
"Not Found",,,,
"Not Found",,,,
"Not Found",,,,
"Not Found",,,,
"Not Found",,,,
"Not Found",,,,
"Not Found",,,,
"Not Found",,,,
"Not Found",,,,
"Not Found",,,,
"Not Found",,,,
"Not Found",,,,
"Not Found",,,,
"Not Found",,,,
"Not Found",,,,
"Not Found",,,,
"Not Found",,,,
"Not Found",,,,
"Not Found",,,,
"Not Found",,,,
"Not Found",,,,
"Not Found",,,,
"Not Found",,,,
"Not Found",,,,
"Not Found",,,,
"Not Found",,,,
"Not Found",,,,
"Not Found",,,,
"Not Found",,,,
"Not Found",,,,
"Not Found",,,,
"Not Found",,,,
"Not Found",,,,
"Not Found",,,,
"Not Found",,,,
"Not Found",,,,
"Not Found",,,,
"Not Found",,,,
"Not Found",,,,
"Not Found",,,,
"Not Found",,,,
"Not Found",,,,
"Not Found",,,,
"Not Found",,,,
"Not Found",,,,
"Not Found",,,,
"Not Found",,,,
"Not Found",,,,
"Not Found",,,,
"Not Found",,,,
"Not Found",,,,
"Not Found",,,,
"Not Found",,,,
"Not Found",,,,
"Not Found",,,,
"Not Found",,,,
"Not Found",,,,
"Not Found",,,,
"Not Found",,,,
"Not Found",,,,
"Not Found",,,,
"Not Found",,,,
"Not Found",,,,
"Not Found",,,,
"Not Found",,,,
"Not Found",,,,
"Not Found",,,,
"Not Found",,,,
"Not Found",,,,
"Not Found",,,,
"Not Found",,,,
"Not Found",,,,
"Not Found",,,,
"Not Found",,,,
"Not Found",,,,
"Not Found",,,,
"Not Found",,,,
"Not Found",,,,
"Not Found",,,,
"Not Found",,,,
"Not Found",,,,
"Not Found",,,,
"Not Found",,,,
"Not Found",,,,
"Not Found",,,,
"Not Found",,,,
"Not Found",,,,
"Not Found",,,,
"Not Found",,,,
"Not Found",,,,
"Not Found",,,,
"Not Found",,,,
"Not Found",,,,
"Not Found",,,,
"Not Found",,,,
"Not Found",,,,
"Not Found",,,,
"Not Found",,,,
"Not Found",,,,
"Not Found",,,,
"Not Found",,,,
"Not Found",,,,
"Not Found",,,,
"Not Found",,,,
"Not Found",,,,
"Not Found",,,,
"Not Found",,,,
"Not Found",,,,
"Not Found",,,,
"Not Found",,,,
"Not Found",,,,
"Not Found",,,,
"Not Found",,,,
"Not Found",,,,
"Not Found",,,,
"Not Found",,,,
"Not Found",,,,
"Not Found",,,,
"Not Found",,,,
"Not Found",,,,
"Not Found",,,,
"Not Found",,,,
"Not Found",,,,
"Not Found",,,,
"Not Found",,,,
"Not Found",,,,
"Not Found",,,,
"Not Found",,,,
"Not Found",,,,
"Not Found",,,,
"Not Found",,,,
"Not Found",,,,
"Not Found",,,,
"Not Found",,,,
"Not Found",,,,
"Not Found",,,,
"Not Found",,,,
"Not Found",,,,
"Not Found",,,,
"Not Found",,,,
"Not Found",,,,
"Not Found",,,,
"Not Found",,,,
"Not Found",,,,
"Not Found",,,,
"Not Found",,,,
"Not Found",,,,
"Not Found",,,,
"Not Found",,,,
"Not Found",,,,
"Not Found",,,,
"Not Found",,,,
"Not Found",,,,
"Not Found",,,,
"Not Found",,,,
"Not Found",,,,
"Not Found",,,,
"Not Found",,,,
"Not Found",,,,
"Not Found",,,,
"Not Found",,,,
"Not Found",,,,
"Not Found",,,,
"Not Found",,,,
"Not Found",,,,
"Not Found",,,,
"Not Found",,,,
"Not Found",,,,
"Not Found",,,,
"Not Found",,,,
"Not Found",,,,
"Not Found",,,,
"Not Found",,,,
"Not Found",,,,
"Not Found",,,,
"Not Found",,,,
"Not Found",,,,
"Not Found",,,,
"Not Found",,,,
"Not Found",,,,
"Not Found",,,,
"Not Found",,,,
"Not Found",,,,
"Not Found",,,,
"Not Found",,,,
"Not Found",,,,
"Not Found",,,,
"Not Found",,,,
"Not Found",,,,
"Not Found",,,,
"Not Found",,,,
"Not Found",,,,
"Not Found",,,,
"Not Found",,,,
"Not Found",,,,
"Not Found",,,,
"Not Found",,,,
"Not Found",,,,
"Not Found",,,,
"Not Found",,,,
"Not Found",,,,
"Not Found",,,,
"Not Found",,,,
"Not Found",,,,
"Not Found",,,,
"Not Found",,,,
"Not Found",,,,
"Not Found",,,,
"Not Found",,,,
"Not Found",,,,
"Not Found",,,,
"Not Found",,,,
"Not Found",,,,
"Not Found",,,,
"Not Found",,,,
"Not Found",,,,
"Not Found",,,,
"Not Found",,,,
"Not Found",,,,
"Not Found",,,,
"Not Found",,,,
"Not Found",,,,
"Not Found",,,,
"Not Found",,,,
"Not Found",,,,
"Not Found",,,,
"Not Found",,,,
"Not Found",,,,
"Not Found",,,,
"Not Found",,,,
"Not Found",,,,
"Not Found",,,,
"Not Found",,,,
"Not Found",,,,
"Not Found",,,,
"Not Found",,,,
"Not Found",,,,
"Not Found",,,,
"Not Found",,,,
"Not Found",,,,
"Not Found",,,,
"Not Found",,,,
"Not Found",,,,
"Not Found",,,,
"Not Found",,,,
"Not Found",,,,
"Not Found",,,,
"Not Found",,,,
"Not Found",,,,
"Not Found",,,,
"Not Found",,,,
"Not Found",,,,
"Not Found",,,,
"Not Found",,,,
"Not Found",,,,
"Not Found",,,,
"Not Found",,,,
"Not Found",,,,
"Not Found",,,,
"Not Found",,,,
"Not Found",,,,
"Not Found",,,,
"Not Found",,,,
"Not Found",,,,
"Not Found",,,,
"Not Found",,,,
"Not Found",,,,
"Not Found",,,,
"Not Found",,,,
"Not Found",,,,
"Not Found",,,,
"Not Found",,,,
"Not Found",,,,
"Not Found",,,,
"Not Found",,,,
"Not Found",,,,
"Not Found",,,,
"Not Found",,,,
"Not Found",,,,
"Not Found",,,,
"Not Found",,,,
"Not Found",,,,
"Not Found",,,,
"Not Found",,,,
"Not Found",,,,
"Not Found",,,,
"Not Found",,,,
"Not Found",,,,
"Not Found",,,,
"Not Found",,,,
"Not Found",,,,
"Not Found",,,,
"Not Found",,,,
"Not Found",,,,
"Not Found",,,,
"Not Found",,,,
"Not Found",,,,
"Not Found",,,,
"Not Found",,,,
"Not Found",,,,
"Not Found",,,,
"Not Found",,,,
"Not Found",,,,
"Not Found",,,,
"Not Found",,,,
"Not Found",,,,
"Not Found",,,,
"Not Found",,,,
"Not Found",,,,
"Not Found",,,,
"Not Found",,,,
"Not Found",,,,
"Not Found",,,,
"Not Found",,,,
"Not Found",,,,
"Not Found",,,,
"Not Found",,,,
"Not Found",,,,
"Not Found",,,,
"Not Found",,,,
"Not Found",,,,
"Not Found",,,,
"Not Found",,,,
"Not Found",,,,
"Not Found",,,,
"Not Found",,,,
"Not Found",,,,
"Not Found",,,,
"Not Found",,,,
"Not Found",,,,
"Not Found",,,,
"Not Found",,,,
"Not Found",,,,
"Not Found",,,,
"Not Found",,,,
"Not Found",,,,
"Not Found",,,,
"Not Found",,,,
"Not Found",,,,
"Not Found",,,,
"Not Found",,,,
"Not Found",,,,
"Not Found",,,,
"Not Found",,,,
"Not Found",,,,
"Not Found",,,,
"Not Found",,,,
"Not Found",,,,
"Not Found",,,,
"Not Found",,,,
"Not Found",,,,
"Not Found",,,,
"Not Found",,,,
"Not Found",,,,
"Not Found",,,,
"Not Found",,,,
"Not Found",,,,
"Not Found",,,,
"Not Found",,,,
"Not Found",,,,
"Not Found",,,,
"Not Found",,,,
"Not Found",,,,
"Not Found",,,,
"Not Found",,,,
"Not Found",,,,
"Not Found",,,,
"Not Found",,,,
"Not Found",,,,
"Not Found",,,,
"Not Found",,,,
"Not Found",,,,
"Not Found",,,,
"Not Found",,,,
"Not Found",,,,
"Not Found",,,,
"Not Found",,,,
"Not Found",,,,
"Not Found",,,,
"Not Found",,,,
"Not Found",,,,
"Not Found",,,,
"Not Found",,,,
"Not Found",,,,
"Not Found",,,,
"Not Found",,,,
"Not Found",,,,
"Not Found",,,,
"Not Found",,,,
"Not Found",,,,
"Not Found",,,,
"Not Found",,,,
"Not Found",,,,
"Not Found",,,,
"Not Found",,,,
"Not Found",,,,
"Not Found",,,,
"Not Found",,,,
"Not Found",,,,
"Not Found",,,,
"Not Found",,,,
"Not Found",,,,
"Not Found",,,,
"Not Found",,,,
"Not Found",,,,
"Not Found",,,,
"Not Found",,,,
"Not Found",,,,
"Not Found",,,,
"Not Found",,,,
"Not Found",,,,
"Not Found",,,,
"Not Found",,,,
"Not Found",,,,
"Not Found",,,,
"Not Found",,,,
"Not Found",,,,
"Not Found",,,,
"Not Found",,,,
"Not Found",,,,
"Not Found",,,,
"Not Found",,,,
"Not Found",,,,
"Not Found",,,,
"Not Found",,,,
"Not Found",,,,
"Not Found",,,,
"Not Found",,,,
"Not Found",,,,
"Not Found",,,,
"Not Found",,,,
"Not Found",,,,
"Not Found",,,,
"Not Found",,,,
"Not Found",,,,
"Not Found",,,,
"Not Found",,,,
"Not Found",,,,
"Not Found",,,,
"Not Found",,,,
"Not Found",,,,
"Not Found",,,,
"Not Found",,,,
"Not Found",,,,
"Not Found",,,,
"Not Found",,,,
"Not Found",,,,
"Not Found",,,,
"Not Found",,,,
"Not Found",,,,
"Not Found",,,,
"Not Found",,,,
"Not Found",,,,
"Not Found",,,,
"Not Found",,,,
"Not Found",,,,
"Not Found",,,,
"Not Found",,,,
"Not Found",,,,
"Not Found",,,,
"Not Found",,,,
"Not Found",,,,
"Not Found",,,,
"Not Found",,,,
"Not Found",,,,
"Not Found",,,,
"Not Found",,,,
"Not Found",,,,
"Not Found",,,,
"Not Found",,,,
"Not Found",,,,
"Not Found",,,,
"Not Found",,,,
"Not Found",,,,
"Not Found",,,,
"Not Found",,,,
"Not Found",,,,
"Not Found",,,,
"Not Found",,,,
"Not Found",,,,
"Not Found",,,,
"Not Found",,,,
"Not Found",,,,
"Not Found",,,,
"Not Found",,,,
"Not Found",,,,
"Not Found",,,,
"Not Found",,,,
"Not Found",,,,
"Not Found",,,,
"Not Found",,,,
"Not Found",,,,
"Not Found",,,,
"Not Found",,,,
"Not Found",,,,
"Not Found",,,,
"Not Found",,,,
"Not Found",,,,
"Not Found",,,,
"Not Found",,,,
"Not Found",,,,
"Not Found",,,,
"Not Found",,,,
"Not Found",,,,
"Not Found",,,,
"Not Found",,,,
"Not Found",,,,
"Not Found",,,,
"Not Found",,,,
"Not Found",,,,
"Not Found",,,,
"Not Found",,,,
"Not Found",,,,
"Not Found",,,,
"Not Found",,,,
"Not Found",,,,
"Not Found",,,,
"Not Found",,,,
"Not Found",,,,
"Not Found",,,,
"Not Found",,,,
"Not Found",,,,
"Not Found",,,,
"Not Found",,,,
"Not Found",,,,
"Not Found",,,,
"Not Found",,,,
"Not Found",,,,
"Not Found",,,,
"Not Found",,,,
"Not Found",,,,
"Not Found",,,,
"Not Found",,,,
"Not Found",,,,
"Not Found",,,,
"Not Found",,,,
"Not Found",,,,
"Not Found",,,,
"Not Found",,,,
"Not Found",,,,
"Not Found",,,,
"Not Found",,,,
"Not Found",,,,
"Not Found",,,,
"Not Found",,,,
"Not Found",,,,
"Not Found",,,,
"Not Found",,,,
"Not Found",,,,
"Not Found",,,,
"Not Found",,,,
"Not Found",,,,
"Not Found",,,,
"Not Found",,,,
"Not Found",,,,
"Not Found",,,,
"Not Found",,,,
"Not Found",,,,
"Not Found",,,,
"Not Found",,,,
"Not Found",,,,
"Not Found",,,,
"Not Found",,,,
"Not Found",,,,
"Not Found",,,,
"Not Found",,,,
"Not Found",,,,
"Not Found",,,,
"Not Found",,,,
"Not Found",,,,
"Not Found",,,,
"Not Found",,,,
"Not Found",,,,
"Not Found",,,,
"Not Found",,,,
"Not Found",,,,
"Not Found",,,,
"Not Found",,,,
"Not Found",,,,
"Not Found",,,,
"Not Found",,,,
"Not Found",,,,
"Not Found",,,,
"Not Found",,,,
"Not Found",,,,
"Not Found",,,,
"Not Found",,,,
"Not Found",,,,
"Not Found",,,,
"Not Found",,,,
"Not Found",,,,
"Not Found",,,,
"Not Found",,,,
"Not Found",,,,
"Not Found",,,,
"Not Found",,,,
"Not Found",,,,
"Not Found",,,,
"Not Found",,,,
"Not Found",,,,
"Not Found",,,,
"Not Found",,,,
"Not Found",,,,
"Not Found",,,,
"Not Found",,,,
"Not Found",,,,
"Not Found",,,,
"Not Found",,,,
"Not Found",,,,
"Not Found",,,,
"Not Found",,,,
"Not Found",,,,
"Not Found",,,,
"Not Found",,,,
"Not Found",,,,
"Not Found",,,,
"Not Found",,,,
"Not Found",,,,
"Not Found",,,,
"Not Found",,,,
"Not Found",,,,
"Not Found",,,,
"Not Found",,,,
"Not Found",,,,
"Not Found",,,,
"Not Found",,,,
"Not Found",,,,
"Not Found",,,,
"Not Found",,,,
"Not Found",,,,
"Not Found",,,,
"Not Found",,,,
"Not Found",,,,
"Not Found",,,,
"Not Found",,,,
"Not Found",,,,
"Not Found",,,,
"Not Found",,,,
"Not Found",,,,
"Not Found",,,,
"Not Found",,,,
"Not Found",,,,
"Not Found",,,,
"Not Found",,,,
"Not Found",,,,
"Not Found",,,,
"Not Found",,,,
"Not Found",,,,
"Not Found",,,,
"Not Found",,,,
"Not Found",,,,
"Not Found",,,,
"Not Found",,,,
"Not Found",,,,
"Not Found",,,,
"Not Found",,,,
"Not Found",,,,
"Not Found",,,,
"Not Found",,,,
"Not Found",,,,
"Not Found",,,,
"Not Found",,,,
"Not Found",,,,
"Not Found",,,,
"Not Found",,,,
"Not Found",,,,
"Not Found",,,,
"Not Found",,,,
"Not Found",,,,
"Not Found",,,,
"Not Found",,,,
"Not Found",,,,
"Not Found",,,,
"Not Found",,,,
"Not Found",,,,
"Not Found",,,,
"Not Found",,,,
"Not Found",,,,
"Not Found",,,,
"Not Found",,,,
"Not Found",,,,
"Not Found",,,,
"Not Found",,,,
"Not Found",,,,
"Not Found",,,,
"Not Found",,,,
"Not Found",,,,
"Not Found",,,,
"Not Found",,,,
"Not Found",,,,
"Not Found",,,,
"Not Found",,,,
"Not Found",,,,
"Not Found",,,,
"Not Found",,,,
"Not Found",,,,
"Not Found",,,,
"Not Found",,,,
"Not Found",,,,
"Not Found",,,,
"Not Found",,,,
"Not Found",,,,
"Not Found",,,,
"Not Found",,,,
"Not Found",,,,
"Not Found",,,,
"Not Found",,,,
"Not Found",,,,
"Not Found",,,,
"Not Found",,,,
"Not Found",,,,
"Not Found",,,,
"Not Found",,,,
"Not Found",,,,
"Not Found",,,,
"Not Found",,,,
"Not Found",,,,
"Not Found",,,,
"Not Found",,,,
"Not Found",,,,
"Not Found",,,,
"Not Found",,,,
"Not Found",,,,
"Not Found",,,,
"Not Found",,,,
"Not Found",,,,
"Not Found",,,,
"Not Found",,,,
"Not Found",,,,
"Not Found",,,,
"Not Found",,,,
"Not Found",,,,
"Not Found",,,,
"Not Found",,,,
"Not Found",,,,
"Not Found",,,,
"Not Found",,,,
"Not Found",,,,
"Not Found",,,,
"Not Found",,,,
"Not Found",,,,
"Not Found",,,,
"Not Found",,,,
"Not Found",,,,
"Not Found",,,,
"Not Found",,,,
"Not Found",,,,
"Not Found",,,,
"Not Found",,,,
"Not Found",,,,
"Not Found",,,,
"Not Found",,,,
"Not Found",,,,
"Not Found",,,,
"Not Found",,,,
"Not Found",,,,
"Not Found",,,,
"Not Found",,,,
"Not Found",,,,
"Not Found",,,,
"Not Found",,,,
"Not Found",,,,
"Not Found",,,,
"Not Found",,,,
"Not Found",,,,
"Not Found",,,,
"Not Found",,,,
"Not Found",,,,
"Not Found",,,,
"Not Found",,,,
"Not Found",,,,
"Not Found",,,,
"Not Found",,,,
"Not Found",,,,
"Not Found",,,,
"Not Found",,,,
"Not Found",,,,
"Not Found",,,,
"Not Found",,,,
"Not Found",,,,
"Not Found",,,,
"Not Found",,,,
"Not Found",,,,
"Not Found",,,,
"Not Found",,,,
"Not Found",,,,
"Not Found",,,,
"Not Found",,,,
"Not Found",,,,
"Not Found",,,,
"Not Found",,,,
"Not Found",,,,
"Not Found",,,,
"Not Found",,,,
"Not Found",,,,
"Not Found",,,,
"Not Found",,,,
"Not Found",,,,
"Not Found",,,,
"Not Found",,,,
"Not Found",,,,
"Not Found",,,,
"Not Found",,,,
"Not Found",,,,
"Not Found",,,,
"Not Found",,,,
"Not Found",,,,
"Not Found",,,,
"Not Found",,,,
"Not Found",,,,
"Not Found",,,,
"Not Found",,,,
"Not Found",,,,
"Not Found",,,,
"Not Found",,,,
"Not Found",,,,
"Not Found",,,,
"Not Found",,,,
"Not Found",,,,
"Not Found",,,,
"Not Found",,,,
"Not Found",,,,
"Not Found",,,,
"Not Found",,,,
"Not Found",,,,
"Not Found",,,,
"Not Found",,,,
"Not Found",,,,
"Not Found",,,,
"Not Found",,,,
"Not Found",,,,
"Not Found",,,,
"Not Found",,,,
"Not Found",,,,
"Not Found",,,,
"Not Found",,,,
"Not Found",,,,
"Not Found",,,,
"Not Found",,,,
"Not Found",,,,
"Not Found",,,,
"Not Found",,,,
"Not Found",,,,
"Not Found",,,,
"Not Found",,,,
"Not Found",,,,
"Not Found",,,,
"Not Found",,,,
"Not Found",,,,
"Not Found",,,,
"Not Found",,,,
"Not Found",,,,
"Not Found",,,,
"Not Found",,,,
"Not Found",,,,
"Not Found",,,,
"Not Found",,,,
"Not Found",,,,
"Not Found",,,,
"Not Found",,,,
"Not Found",,,,
"Not Found",,,,
"Not Found",,,,
"Not Found",,,,
"Not Found",,,,
"Not Found",,,,
"Not Found",,,,
"Not Found",,,,
"Not Found",,,,
"Not Found",,,,
"Not Found",,,,
"Not Found",,,,
"Not Found",,,,
"Not Found",,,,
"Not Found",,,,
"Not Found",,,,
"Not Found",,,,
"Not Found",,,,
"Not Found",,,,
"Not Found",,,,
"Not Found",,,,
"Not Found",,,,
"Not Found",,,,
"Not Found",,,,
"Not Found",,,,
"Not Found",,,,
"Not Found",,,,
"Not Found",,,,
"Not Found",,,,
"Not Found",,,,
"Not Found",,,,
"Not Found",,,,
"Not Found",,,,
"Not Found",,,,
"Not Found",,,,
"Not Found",,,,
"Not Found",,,,
"Not Found",,,,
"Not Found",,,,
"Not Found",,,,
"Not Found",,,,
"Not Found",,,,
"Not Found",,,,
"Not Found",,,,
"Not Found",,,,
"Not Found",,,,
"Not Found",,,,
"Not Found",,,,
"Not Found",,,,
"Not Found",,,,
"Not Found",,,,
"Not Found",,,,
"Not Found",,,,
"Not Found",,,,
"Not Found",,,,
"Not Found",,,,
"Not Found",,,,
"Not Found",,,,
"Not Found",,,,
"Not Found",,,,
"Not Found",,,,
"Not Found",,,,
"Not Found",,,,
"Not Found",,,,
"Not Found",,,,
"Not Found",,,,
"Not Found",,,,
"Not Found",,,,
"Not Found",,,,
"Not Found",,,,
"Not Found",,,,
"Not Found",,,,
"Not Found",,,,
"Not Found",,,,
"Not Found",,,,
"Not Found",,,,
"Not Found",,,,
"Not Found",,,,
"Not Found",,,,
"Not Found",,,,
"Not Found",,,,
"Not Found",,,,
"Not Found",,,,
"Not Found",,,,
"Not Found",,,,
"Not Found",,,,
"Not Found",,,,
"Not Found",,,,
"Not Found",,,,
"Not Found",,,,
"Not Found",,,,
"Not Found",,,,
"Not Found",,,,
"Not Found",,,,
"Not Found",,,,
"Not Found",,,,
"Not Found",,,,
"Not Found",,,,
"Not Found",,,,
"Not Found",,,,
"Not Found",,,,
"Not Found",,,,
"Not Found",,,,
"Not Found",,,,
"Not Found",,,,
"Not Found",,,,
"Not Found",,,,
"Not Found",,,,
"Not Found",,,,
"Not Found",,,,
"Not Found",,,,
"Not Found",,,,
"Not Found",,,,
"Not Found",,,,
"Not Found",,,,
"Not Found",,,,
"Not Found",,,,
"Not Found",,,,
"Not Found",,,,
"Not Found",,,,
"Not Found",,,,
"Not Found",,,,
"Not Found",,,,
"Not Found",,,,
"Not Found",,,,
"Not Found",,,,
"Not Found",,,,
"Not Found",,,,
"Not Found",,,,
"Not Found",,,,
"Not Found",,,,
"Not Found",,,,
"Not Found",,,,
"Not Found",,,,
"Not Found",,,,
"Not Found",,,,
"Not Found",,,,
"Not Found",,,,
"Not Found",,,,
"Not Found",,,,
"Not Found",,,,
"Not Found",,,,
"Not Found",,,,
"Not Found",,,,
"Not Found",,,,
"Not Found",,,,
"Not Found",,,,
"Not Found",,,,
"Not Found",,,,
"Not Found",,,,
"Not Found",,,,
"Not Found",,,,
"Not Found",,,,
"Not Found",,,,
"Not Found",,,,
"Not Found",,,,
"Not Found",,,,
"Not Found",,,,
"Not Found",,,,
"Not Found",,,,
"Not Found",,,,
"Not Found",,,,
"Not Found",,,,
"Not Found",,,,
"Not Found",,,,
"Not Found",,,,
"Not Found",,,,
"Not Found",,,,
"Not Found",,,,
"Not Found",,,,
"Not Found",,,,
"Not Found",,,,
"Not Found",,,,
"Not Found",,,,
"Not Found",,,,
"Not Found",,,,
"Not Found",,,,
"Not Found",,,,
"Not Found",,,,
"Not Found",,,,
"Not Found",,,,
"Not Found",,,,
"Not Found",,,,
"Not Found",,,,
"Not Found",,,,
"Not Found",,,,
"Not Found",,,,
"Not Found",,,,
"Not Found",,,,
"Not Found",,,,
"Not Found",,,,
"Not Found",,,,
"Not Found",,,,
"Not Found",,,,
"Not Found",,,,
"Not Found",,,,
"Not Found",,,,
"Not Found",,,,
"Not Found",,,,
"Not Found",,,,
"Not Found",,,,
"Not Found",,,,
"Not Found",,,,
"Not Found",,,,
"Not Found",,,,
"Not Found",,,,
"Not Found",,,,
"Not Found",,,,
"Not Found",,,,
"Not Found",,,,
"Not Found",,,,
"Not Found",,,,
"Not Found",,,,
"Not Found",,,,
"Not Found",,,,
"Not Found",,,,
"Not Found",,,,
"Not Found",,,,
"Not Found",,,,
"Not Found",,,,
"Not Found",,,,
"Not Found",,,,
"Not Found",,,,
"Not Found",,,,
"Not Found",,,,
"Not Found",,,,
"Not Found",,,,
"Not Found",,,,
"Not Found",,,,
"Not Found",,,,
"Not Found",,,,
"Not Found",,,,
"Not Found",,,,
"Not Found",,,,
"Not Found",,,,
"Not Found",,,,
"Not Found",,,,
"Not Found",,,,
"Not Found",,,,
"Not Found",,,,
"Not Found",,,,
"Not Found",,,,
"Not Found",,,,
"Not Found",,,,
"Not Found",,,,
"Not Found",,,,
"Not Found",,,,
"Not Found",,,,
"Not Found",,,,
"Not Found",,,,
"Not Found",,,,
"Not Found",,,,
"Not Found",,,,
"Not Found",,,,
"Not Found",,,,
"Not Found",,,,
"Not Found",,,,
"Not Found",,,,
"Not Found",,,,
"Not Found",,,,
"Not Found",,,,
"Not Found",,,,
"Not Found",,,,
"Not Found",,,,
"Not Found",,,,
"Not Found",,,,
"Not Found",,,,
"Not Found",,,,
"Not Found",,,,
"Not Found",,,,
"Not Found",,,,
"Not Found",,,,
"Not Found",,,,
"Not Found",,,,
"Not Found",,,,
"Not Found",,,,
"Not Found",,,,
"Not Found",,,,
"Not Found",,,,
"Not Found",,,,
"Not Found",,,,
"Not Found",,,,
"Not Found",,,,
"Not Found",,,,
"Not Found",,,,
"Not Found",,,,
"Not Found",,,,
"Not Found",,,,
"Not Found",,,,
"Not Found",,,,
"Not Found",,,,
"Not Found",,,,
"Not Found",,,,
"Not Found",,,,
"Not Found",,,,
"Not Found",,,,
"Not Found",,,,
"Not Found",,,,
"Not Found",,,,
"Not Found",,,,
"Not Found",,,,
"Not Found",,,,
"Not Found",,,,
"Not Found",,,,
"Not Found",,,,
"Not Found",,,,
"Not Found",,,,
"Not Found",,,,
"Not Found",,,,
"Not Found",,,,
"Not Found",,,,
"Not Found",,,,
"Not Found",,,,
"Not Found",,,,
"Not Found",,,,
"Not Found",,,,
"Not Found",,,,
"Not Found",,,,
"Not Found",,,,
"Not Found",,,,
"Not Found",,,,
"Not Found",,,,
"Not Found",,,,
"Not Found",,,,
"Not Found",,,,
"Not Found",,,,
"Not Found",,,,
"Not Found",,,,
"Not Found",,,,
"Not Found",,,,
"Not Found",,,,
"Not Found",,,,
"Not Found",,,,
"Not Found",,,,
"Not Found",,,,
"Not Found",,,,
"Not Found",,,,
"Not Found",,,,
"Not Found",,,,
"Not Found",,,,
"Not Found",,,,
"Not Found",,,,
"Not Found",,,,
"Not Found",,,,
"Not Found",,,,
"Not Found",,,,
"Not Found",,,,
"Not Found",,,,
"Not Found",,,,
"Not Found",,,,
"Not Found",,,,
"Not Found",,,,
"Not Found",,,,
"Not Found",,,,
"Not Found",,,,
"Not Found",,,,
"Not Found",,,,
"Not Found",,,,
"Not Found",,,,
"Not Found",,,,
"Not Found",,,,
"Not Found",,,,
"Not Found",,,,
"Not Found",,,,
"Not Found",,,,
"Not Found",,,,
"Not Found",,,,
"Not Found",,,,
"Not Found",,,,
"Not Found",,,,
"Not Found",,,,
"Not Found",,,,
"Not Found",,,,
"Not Found",,,,
"Not Found",,,,
"Not Found",,,,
"Not Found",,,,
"Not Found",,,,
"Not Found",,,,
"Not Found",,,,
"Not Found",,,,
"Not Found",,,,
"Not Found",,,,
"Not Found",,,,
"Not Found",,,,
"Not Found",,,,
"Not Found",,,,
"Not Found",,,,
"Not Found",,,,
"Not Found",,,,
"Not Found",,,,
"Not Found",,,,
"Not Found",,,,
"Not Found",,,,
"Not Found",,,,
"Not Found",,,,
"Not Found",,,,
"Not Found",,,,
"Not Found",,,,
"Not Found",,,,
"Not Found",,,,
"Not Found",,,,
"Not Found",,,,
"Not Found",,,,
"Not Found",,,,
"Not Found",,,,
"Not Found",,,,
"Not Found",,,,
"Not Found",,,,
"Not Found",,,,
"Not Found",,,,
"Not Found",,,,
"Not Found",,,,
"Not Found",,,,
"Not Found",,,,
"Not Found",,,,
"Not Found",,,,
"Not Found",,,,
"Not Found",,,,
"Not Found",,,,
"Not Found",,,,
"Not Found",,,,
"Not Found",,,,
"Not Found",,,,
"Not Found",,,,
"Not Found",,,,
"Not Found",,,,
"Not Found",,,,
"Not Found",,,,
"Not Found",,,,
"Not Found",,,,
"Not Found",,,,
"Not Found",,,,
"Not Found",,,,
"Not Found",,,,
"Not Found",,,,
"Not Found",,,,
"Not Found",,,,
"Not Found",,,,
"Not Found",,,,
"Not Found",,,,
"Not Found",,,,
"Not Found",,,,
"Not Found",,,,
"Not Found",,,,
"Not Found",,,,
"Not Found",,,,
"Not Found",,,,
"Not Found",,,,
"Not Found",,,,
"Not Found",,,,
"Not Found",,,,
"Not Found",,,,
"Not Found",,,,
"Not Found",,,,
"Not Found",,,,
"Not Found",,,,
"Not Found",,,,
"Not Found",,,,
"Not Found",,,,
"Not Found",,,,
"Not Found",,,,
"Not Found",,,,
"Not Found",,,,
"Not Found",,,,
"Not Found",,,,
"Not Found",,,,
"Not Found",,,,
"Not Found",,,,
"Not Found",,,,
"Not Found",,,,
"Not Found",,,,
"Not Found",,,,
"Not Found",,,,
"Not Found",,,,
"Not Found",,,,
"Not Found",,,,
"Not Found",,,,
"Not Found",,,,
"Not Found",,,,
"Not Found",,,,
"Not Found",,,,
"Not Found",,,,
"Not Found",,,,
"Not Found",,,,
"Not Found",,,,
"Not Found",,,,
"Not Found",,,,
"Not Found",,,,
"Not Found",,,,
"Not Found",,,,
"Not Found",,,,
"Not Found",,,,
"Not Found",,,,
"Not Found",,,,
"Not Found",,,,
"Not Found",,,,
"Not Found",,,,
"Not Found",,,,
"Not Found",,,,
"Not Found",,,,
"Not Found",,,,
"Not Found",,,,
"Not Found",,,,
"Not Found",,,,
"Not Found",,,,
"Not Found",,,,
"Not Found",,,,
"Not Found",,,,
"Not Found",,,,
"Not Found",,,,
"Not Found",,,,
"Not Found",,,,
"Not Found",,,,
"Not Found",,,,
"Not Found",,,,
"Not Found",,,,
"Not Found",,,,
"Not Found",,,,
"Not Found",,,,
"Not Found",,,,
"Not Found",,,,
"Not Found",,,,
"Not Found",,,,
"Not Found",,,,
"Not Found",,,,
"Not Found",,,,
"Not Found",,,,
"Not Found",,,,
"Not Found",,,,
"Not Found",,,,
"Not Found",,,,
"Not Found",,,,
"Not Found",,,,
"Not Found",,,,
"Not Found",,,,
"Not Found",,,,
"Not Found",,,,
"Not Found",,,,
"Not Found",,,,
"Not Found",,,,
"Not Found",,,,
"Not Found",,,,
"Not Found",,,,
"Not Found",,,,
"Not Found",,,,
"Not Found",,,,
"Not Found",,,,
"Not Found",,,,
"Not Found",,,,
"Not Found",,,,
"Not Found",,,,
"Not Found",,,,
"Not Found",,,,
"Not Found",,,,
"Not Found",,,,
"Not Found",,,,
"Not Found",,,,
"Not Found",,,,
"Not Found",,,,
"Not Found",,,,
"Not Found",,,,
"Not Found",,,,
"Not Found",,,,
"Not Found",,,,
"Not Found",,,,
"Not Found",,,,
"Not Found",,,,
"Not Found",,,,
"Not Found",,,,
"Not Found",,,,
"Not Found",,,,
"Not Found",,,,
"Not Found",,,,
"Not Found",,,,
"Not Found",,,,
"Not Found",,,,
"Not Found",,,,
"Not Found",,,,
"Not Found",,,,
"Not Found",,,,
"Not Found",,,,
"Not Found",,,,
"Not Found",,,,
"Not Found",,,,
"Not Found",,,,
"Not Found",,,,
"Not Found",,,,
"Not Found",,,,
"Not Found",,,,
"Not Found",,,,
"Not Found",,,,
"Not Found",,,,
"Not Found",,,,
"Not Found",,,,
"Not Found",,,,
"Not Found",,,,
"Not Found",,,,
"Not Found",,,,
"Not Found",,,,
"Not Found",,,,
"Not Found",,,,
"Not Found",,,,
"Not Found",,,,
"Not Found",,,,
"Not Found",,,,
"Not Found",,,,
"Not Found",,,,
"Not Found",,,,
"Not Found",,,,
"Not Found",,,,
"Not Found",,,,
"Not Found",,,,
"Not Found",,,,
"Not Found",,,,
"Not Found",,,,
"Not Found",,,,
"Not Found",,,,
"Not Found",,,,
"Not Found",,,,
"Not Found",,,,
"Not Found",,,,
"Not Found",,,,
"Not Found",,,,
"Not Found",,,,
"Not Found",,,,
"Not Found",,,,
"Not Found",,,,
"Not Found",,,,
"Not Found",,,,
"Not Found",,,,
"Not Found",,,,
"Not Found",,,,
"Not Found",,,,
"Not Found",,,,
"Not Found",,,,
"Not Found",,,,
"Not Found",,,,
"Not Found",,,,
"Not Found",,,,
"Not Found",,,,
"Not Found",,,,
"Not Found",,,,
"Not Found",,,,
"Not Found",,,,
"Not Found",,,,
"Not Found",,,,
"Not Found",,,,
"Not Found",,,,
"Not Found",,,,
"Not Found",,,,
"Not Found",,,,
"Not Found",,,,
"Not Found",,,,
"Not Found",,,,
"Not Found",,,,
"Not Found",,,,
"Not Found",,,,
"Not Found",,,,
"Not Found",,,,
"Not Found",,,,
"Not Found",,,,
"Not Found",,,,
"Not Found",,,,
"Not Found",,,,
"Not Found",,,,
"Not Found",,,,
"Not Found",,,,
"Not Found",,,,
"Not Found",,,,
"Not Found",,,,
"Not Found",,,,
"Not Found",,,,
"Not Found",,,,
"Not Found",,,,
"Not Found",,,,
"Not Found",,,,
"Not Found",,,,
"Not Found",,,,
"Not Found",,,,
"Not Found",,,,
"Not Found",,,,
"Not Found",,,,
"Not Found",,,,
"Not Found",,,,
"Not Found",,,,
"Not Found",,,,
"Not Found",,,,
"Not Found",,,,
"Not Found",,,,
"Not Found",,,,
"Not Found",,,,
"Not Found",,,,
"Not Found",,,,
"Not Found",,,,
"Not Found",,,,
"Not Found",,,,
"Not Found",,,,
"Not Found",,,,
"Not Found",,,,
"Not Found",,,,
"Not Found",,,,
"Not Found",,,,
"Not Found",,,,
"Not Found",,,,
"Not Found",,,,
"Not Found",,,,
"Not Found",,,,
"Not Found",,,,
"Not Found",,,,
"Not Found",,,,
"Not Found",,,,
"Not Found",,,,
"Not Found",,,,
"Not Found",,,,
"Not Found",,,,
"Not Found",,,,
"Not Found",,,,
"Not Found",,,,
"Not Found",,,,
"Not Found",,,,
"Not Found",,,,
"Not Found",,,,
"Not Found",,,,
"Not Found",,,,
"Not Found",,,,
"Not Found",,,,
"Not Found",,,,
"Not Found",,,,
"Not Found",,,,
"Not Found",,,,
"Not Found",,,,
"Not Found",,,,
"Not Found",,,,
"Not Found",,,,
"Not Found",,,,
"Not Found",,,,
"Not Found",,,,
"Not Found",,,,
"Not Found",,,,
"Not Found",,,,
"Not Found",,,,
"Not Found",,,,
"Not Found",,,,
"Not Found",,,,
"Not Found",,,,
"Not Found",,,,
"Not Found",,,,
"Not Found",,,,
"Not Found",,,,
"Not Found",,,,
"Not Found",,,,
"Not Found",,,,
"Not Found",,,,
"Not Found",,,,
"Not Found",,,,
"Not Found",,,,
"Not Found",,,,
"Not Found",,,,
"Not Found",,,,
"Not Found",,,,
"Not Found",,,,
"Not Found",,,,
"Not Found",,,,
"Not Found",,,,
"Not Found",,,,
"Not Found",,,,
"Not Found",,,,
"Not Found",,,,
"Not Found",,,,
"Not Found",,,,
"Not Found",,,,
"Not Found",,,,
"Not Found",,,,
"Not Found",,,,
"Not Found",,,,
"Not Found",,,,
"Not Found",,,,
"Not Found",,,,
"Not Found",,,,
"Not Found",,,,
"Not Found",,,,
"Not Found",,,,
"Not Found",,,,
"Not Found",,,,
"Not Found",,,,
"Not Found",,,,
"Not Found",,,,
"Not Found",,,,
"Not Found",,,,
"Not Found",,,,
"Not Found",,,,
"Not Found",,,,
"Not Found",,,,
"Not Found",,,,
"Not Found",,,,
"Not Found",,,,
"Not Found",,,,
"Not Found",,,,
"Not Found",,,,
"Not Found",,,,
"Not Found",,,,
"Not Found",,,,
"Not Found",,,,
"Not Found",,,,
"Not Found",,,,
"Not Found",,,,
"Not Found",,,,
"Not Found",,,,
"Not Found",,,,
"Not Found",,,,
"Not Found",,,,
"Not Found",,,,
"Not Found",,,,
"Not Found",,,,
"Not Found",,,,
"Not Found",,,,
"Not Found",,,,
"Not Found",,,,
"Not Found",,,,
"Not Found",,,,
"Not Found",,,,
"Not Found",,,,
"Not Found",,,,
"Not Found",,,,
"Not Found",,,,
"Not Found",,,,
"Not Found",,,,
"Not Found",,,,
"Not Found",,,,
"Not Found",,,,
"Not Found",,,,
"Not Found",,,,
"Not Found",,,,
"Not Found",,,,
"Not Found",,,,
"Not Found",,,,
"Not Found",,,,
"Not Found",,,,
"Not Found",,,,
"Not Found",,,,
"Not Found",,,,
"Not Found",,,,
"Not Found",,,,
"Not Found",,,,
"Not Found",,,,
"Not Found",,,,
"Not Found",,,,
"Not Found",,,,
"Not Found",,,,
"Not Found",,,,
"Not Found",,,,
"Not Found",,,,
"Not Found",,,,
"Not Found",,,,
"Not Found",,,,
"Not Found",,,,
"Not Found",,,,
"Not Found",,,,
"Not Found",,,,
"Not Found",,,,
"Not Found",,,,
"Not Found",,,,
"Not Found",,,,
"Not Found",,,,
"Not Found",,,,
"Not Found",,,,
"Not Found",,,,
"Not Found",,,,
"Not Found",,,,
"Not Found",,,,
"Not Found",,,,
"Not Found",,,,
"Not Found",,,,
"Not Found",,,,
"Not Found",,,,
"Not Found",,,,
"Not Found",,,,
"Not Found",,,,
"Not Found",,,,
"Not Found",,,,
"Not Found",,,,
"Not Found",,,,
"Not Found",,,,
"Not Found",,,,
"Not Found",,,,
"Not Found",,,,
"Not Found",,,,
"Not Found",,,,
"Not Found",,,,
"Not Found",,,,
"Not Found",,,,
"Not Found",,,,
"Not Found",,,,
"Not Found",,,,
"Not Found",,,,
"Not Found",,,,
"Not Found",,,,
"Not Found",,,,
"Not Found",,,,
"Not Found",,,,
"Not Found",,,,
"Not Found",,,,
"Not Found",,,,
"Not Found",,,,
"Not Found",,,,
"Not Found",,,,
"Not Found",,,,
"Not Found",,,,
"Not Found",,,,
"Not Found",,,,
"Not Found",,,,
"Not Found",,,,
"Not Found",,,,
"Not Found",,,,
"Not Found",,,,
"Not Found",,,,
"Not Found",,,,
"Not Found",,,,
"Not Found",,,,
"Not Found",,,,
"Not Found",,,,
"Not Found",,,,
"Not Found",,,,
"Not Found",,,,
"Not Found",,,,
"Not Found",,,,
"Not Found",,,,
"Not Found",,,,
"Not Found",,,,
"Not Found",,,,
"Not Found",,,,
"Not Found",,,,
"Not Found",,,,
"Not Found",,,,
"Not Found",,,,
"Not Found",,,,
"Not Found",,,,
"Not Found",,,,
"Not Found",,,,
"Not Found",,,,
"Not Found",,,,
"Not Found",,,,
"Not Found",,,,
"Not Found",,,,
"Not Found",,,,
"Not Found",,,,
"Not Found",,,,
"Not Found",,,,
"Not Found",,,,
"Not Found",,,,
"Not Found",,,,
"Not Found",,,,
"Not Found",,,,
"Not Found",,,,
"Not Found",,,,
"Not Found",,,,
"Not Found",,,,
"Not Found",,,,
"Not Found",,,,
"Not Found",,,,
"Not Found",,,,
"Not Found",,,,
"Not Found",,,,
"Not Found",,,,
"Not Found",,,,
"Not Found",,,,
"Not Found",,,,
"Not Found",,,,
"Not Found",,,,
"Not Found",,,,
"Not Found",,,,
"Not Found",,,,
"Not Found",,,,
"Not Found",,,,
"Not Found",,,,
"Not Found",,,,
"Not Found",,,,
"Not Found",,,,
"Not Found",,,,
"Not Found",,,,
"Not Found",,,,
"Not Found",,,,
"Not Found",,,,
"Not Found",,,,
"Not Found",,,,
"Not Found",,,,
"Not Found",,,,
"Not Found",,,,
"Not Found",,,,
"Not Found",,,,
"Not Found",,,,
"Not Found",,,,
"Not Found",,,,
"Not Found",,,,
"Not Found",,,,
"Not Found",,,,
"Not Found",,,,
"Not Found",,,,
"Not Found",,,,
"Not Found",,,,
"Not Found",,,,
"Not Found",,,,
"Not Found",,,,
"Not Found",,,,
"Not Found",,,,
"Not Found",,,,
"Not Found",,,,
"Not Found",,,,
"Not Found",,,,
"Not Found",,,,
"Not Found",,,,
"Not Found",,,,
"Not Found",,,,
"Not Found",,,,
"Not Found",,,,
"Not Found",,,,
"Not Found",,,,
"Not Found",,,,
"Not Found",,,,
"Not Found",,,,
"Not Found",,,,
"Not Found",,,,
"Not Found",,,,
"Not Found",,,,
"Not Found",,,,
"Not Found",,,,
"Not Found",,,,
"Not Found",,,,
"Not Found",,,,
"Not Found",,,,
"Not Found",,,,
"Not Found",,,,
"Not Found",,,,
"Not Found",,,,
"Not Found",,,,
"Not Found",,,,
"Not Found",,,,
"Not Found",,,,
"Not Found",,,,
"Not Found",,,,
"Not Found",,,,
"Not Found",,,,
"Not Found",,,,
"Not Found",,,,
"Not Found",,,,
"Not Found",,,,
"Not Found",,,,
"Not Found",,,,
"Not Found",,,,
"Not Found",,,,
"Not Found",,,,
"Not Found",,,,
"Not Found",,,,
"Not Found",,,,
"Not Found",,,,
"Not Found",,,,
"Not Found",,,,
"Not Found",,,,
"Not Found",,,,
"Not Found",,,,
"Not Found",,,,
"Not Found",,,,
"Not Found",,,,
"Not Found",,,,
"Not Found",,,,
"Not Found",,,,
"Not Found",,,,
"Not Found",,,,
"Not Found",,,,
"Not Found",,,,
"Not Found",,,,
"Not Found",,,,
"Not Found",,,,
"Not Found",,,,
"Not Found",,,,
"Not Found",,,,
"Not Found",,,,
"Not Found",,,,
"Not Found",,,,
"Not Found",,,,
"Not Found",,,,
"Not Found",,,,
"Not Found",,,,
"Not Found",,,,
"Not Found",,,,
"Not Found",,,,
"Not Found",,,,
"Not Found",,,,
"Not Found",,,,
"Not Found",,,,
"Not Found",,,,
"Not Found",,,,
"Not Found",,,,
"Not Found",,,,
"Not Found",,,,
"Not Found",,,,
"Not Found",,,,
"Not Found",,,,
"Not Found",,,,
"Not Found",,,,
"Not Found",,,,
"Not Found",,,,
"Not Found",,,,
"Not Found",,,,
"Not Found",,,,
"Not Found",,,,
"Not Found",,,,
"Not Found",,,,
"Not Found",,,,
"Not Found",,,,
"Not Found",,,,
"Not Found",,,,
"Not Found",,,,
"Not Found",,,,
"Not Found",,,,
"Not Found",,,,
"Not Found",,,,
"Not Found",,,,
"Not Found",,,,
"Not Found",,,,
"Not Found",,,,
"Not Found",,,,
"Not Found",,,,
"Not Found",,,,
"Not Found",,,,
"Not Found",,,,
"Not Found",,,,
"Not Found",,,,
"Not Found",,,,
"Not Found",,,,
"Not Found",,,,
"Not Found",,,,
"Not Found",,,,
"Not Found",,,,
"Not Found",,,,
"Not Found",,,,
"Not Found",,,,
"Not Found",,,,
"Not Found",,,,
"Not Found",,,,
"Not Found",,,,
"Not Found",,,,
"Not Found",,,,
"Not Found",,,,
"Not Found",,,,
"Not Found",,,,
"Not Found",,,,
"Not Found",,,,
"Not Found",,,,
"Not Found",,,,
"Not Found",,,,
"Not Found",,,,
"Not Found",,,,
"Not Found",,,,
"Not Found",,,,
"Not Found",,,,
"Not Found",,,,
"Not Found",,,,
"Not Found",,,,
"Not Found",,,,
"Not Found",,,,
"Not Found",,,,
"Not Found",,,,
"Not Found",,,,
"Not Found",,,,
"Not Found",,,,
"Not Found",,,,
"Not Found",,,,
"Not Found",,,,
"Not Found",,,,
"Not Found",,,,
"Not Found",,,,
"Not Found",,,,
"Not Found",,,,
"Not Found",,,,
"Not Found",,,,
"Not Found",,,,
"Not Found",,,,
"Not Found",,,,
"Not Found",,,,
"Not Found",,,,
"Not Found",,,,
"Not Found",,,,
"Not Found",,,,
"Not Found",,,,
"Not Found",,,,
"Not Found",,,,
"Not Found",,,,
"Not Found",,,,
"Not Found",,,,
"Not Found",,,,
"Not Found",,,,
"Not Found",,,,
"Not Found",,,,
"Not Found",,,,
"Not Found",,,,
"Not Found",,,,
"Not Found",,,,
"Not Found",,,,
"Not Found",,,,
"Not Found",,,,
"Not Found",,,,
"Not Found",,,,
"Not Found",,,,
"Not Found",,,,
"Not Found",,,,
"Not Found",,,,
"Not Found",,,,
"Not Found",,,,
"Not Found",,,,
"Not Found",,,,
"Not Found",,,,
"Not Found",,,,
"Not Found",,,,
"Not Found",,,,
"Not Found",,,,
"Not Found",,,,
"Not Found",,,,
"Not Found",,,,
"Not Found",,,,
"Not Found",,,,
"Not Found",,,,
"Not Found",,,,
"Not Found",,,,
"Not Found",,,,
"Not Found",,,,
"Not Found",,,,
"Not Found",,,,
"Not Found",,,,
"Not Found",,,,
"Not Found",,,,
"Not Found",,,,
"Not Found",,,,
"Not Found",,,,
"Not Found",,,,
"Not Found",,,,
"Not Found",,,,
"Not Found",,,,
"Not Found",,,,
"Not Found",,,,
"Not Found",,,,
"Not Found",,,,
"Not Found",,,,
"Not Found",,,,
"Not Found",,,,
"Not Found",,,,
"Not Found",,,,
"Not Found",,,,
"Not Found",,,,
"Not Found",,,,
"Not Found",,,,
"Not Found",,,,
"Not Found",,,,
"Not Found",,,,
"Not Found",,,,
"Not Found",,,,
"Not Found",,,,
"Not Found",,,,
"Not Found",,,,
"Not Found",,,,
"Not Found",,,,
"Not Found",,,,
"Not Found",,,,
"Not Found",,,,
"Not Found",,,,
"Not Found",,,,
"Not Found",,,,
"Not Found",,,,
"Not Found",,,,
"Not Found",,,,
"Not Found",,,,
"Not Found",,,,
"Not Found",,,,
"Not Found",,,,
"Not Found",,,,
"Not Found",,,,
"Not Found",,,,
"Not Found",,,,
"Not Found",,,,
"Not Found",,,,
"Not Found",,,,
"Not Found",,,,
"Not Found",,,,
"Not Found",,,,
"Not Found",,,,
"Not Found",,,,
"Not Found",,,,
"Not Found",,,,
"Not Found",,,,
"Not Found",,,,
"Not Found",,,,
"Not Found",,,,
"Not Found",,,,
"Not Found",,,,
"Not Found",,,,
"Not Found",,,,
"Not Found",,,,
"Not Found",,,,
"Not Found",,,,
"Not Found",,,,
"Not Found",,,,
"Not Found",,,,
"Not Found",,,,
"Not Found",,,,
"Not Found",,,,
"Not Found",,,,
"Not Found",,,,
"Not Found",,,,
"Not Found",,,,
"Not Found",,,,
"Not Found",,,,
"Not Found",,,,
"Not Found",,,,
"Not Found",,,,
"Not Found",,,,
"Not Found",,,,
"Not Found",,,,
"Not Found",,,,
"Not Found",,,,
"Not Found",,,,
"Not Found",,,,
"Not Found",,,,
"Not Found",,,,
"Not Found",,,,
"Not Found",,,,
"Not Found",,,,
"Not Found",,,,
"Not Found",,,,
"Not Found",,,,
"Not Found",,,,
"Not Found",,,,
"Not Found",,,,
"Not Found",,,,
"Not Found",,,,
"Not Found",,,,
"Not Found",,,,
"Not Found",,,,
"Not Found",,,,
"Not Found",,,,
"Not Found",,,,
"Not Found",,,,
"Not Found",,,,
"Not Found",,,,
"Not Found",,,,
"Not Found",,,,
"Not Found",,,,
"Not Found",,,,
"Not Found",,,,
"Not Found",,,,
"Not Found",,,,
"Not Found",,,,
"Not Found",,,,
"Not Found",,,,
"Not Found",,,,
"Not Found",,,,
"Not Found",,,,
"Not Found",,,,
"Not Found",,,,
"Not Found",,,,
"Not Found",,,,
"Not Found",,,,
"Not Found",,,,
"Not Found",,,,
"Not Found",,,,
"Not Found",,,,
"Not Found",,,,
"Not Found",,,,
"Not Found",,,,
"Not Found",,,,
"Not Found",,,,
"Not Found",,,,
"Not Found",,,,
"Not Found",,,,
"Not Found",,,,
"Not Found",,,,
"Not Found",,,,
"Not Found",,,,
"Not Found",,,,
"Not Found",,,,
"Not Found",,,,
"Not Found",,,,
"Not Found",,,,
"Not Found",,,,
"Not Found",,,,
"Not Found",,,,
"Not Found",,,,
"Not Found",,,,
"Not Found",,,,
"Not Found",,,,
"Not Found",,,,
"Not Found",,,,
"Not Found",,,,
"Not Found",,,,
"Not Found",,,,
"Not Found",,,,
"Not Found",,,,
"Not Found",,,,
"Not Found",,,,
"Not Found",,,,
"Not Found",,,,
"Not Found",,,,
"Not Found",,,,
"Not Found",,,,
"Not Found",,,,
"Not Found",,,,
"Not Found",,,,
"Not Found",,,,
"Not Found",,,,
"Not Found",,,,
"Not Found",,,,
"Not Found",,,,
"Not Found",,,,
"Not Found",,,,
"Not Found",,,,
"Not Found",,,,
"Not Found",,,,
"Not Found",,,,
"Not Found",,,,
"Not Found",,,,
"Not Found",,,,
"Not Found",,,,
"Not Found",,,,
"Not Found",,,,
"Not Found",,,,
"Not Found",,,,
"Not Found",,,,
"Not Found",,,,
"Not Found",,,,
"Not Found",,,,
"Not Found",,,,
"Not Found",,,,
"Not Found",,,,
"Not Found",,,,
"Not Found",,,,
"Not Found",,,,
"Not Found",,,,
"Not Found",,,,
"Not Found",,,,
"Not Found",,,,
"Not Found",,,,
"Not Found",,,,
"Not Found",,,,
"Not Found",,,,
"Not Found",,,,
"Not Found",,,,
"Not Found",,,,
"Not Found",,,,
"Not Found",,,,
"Not Found",,,,
"Not Found",,,,
"Not Found",,,,
"Not Found",,,,
"Not Found",,,,
"Not Found",,,,
"Not Found",,,,
"Not Found",,,,
"Not Found",,,,
"Not Found",,,,
"Not Found",,,,
"Not Found",,,,
"Not Found",,,,
"Not Found",,,,
"Not Found",,,,
"Not Found",,,,
"Not Found",,,,
"Not Found",,,,
"Not Found",,,,
"Not Found",,,,
"Not Found",,,,
"Not Found",,,,
"Not Found",,,,
"Not Found",,,,
"Not Found",,,,
"Not Found",,,,
"Not Found",,,,
"Not Found",,,,
"Not Found",,,,
"Not Found",,,,
"Not Found",,,,
"Not Found",,,,
"Not Found",,,,
"Not Found",,,,
"Not Found",,,,
"Not Found",,,,
"Not Found",,,,
"Not Found",,,,
"Not Found",,,,
"Not Found",,,,
"Not Found",,,,
"Not Found",,,,
"Not Found",,,,
"Not Found",,,,
"Not Found",,,,
"Not Found",,,,
"Not Found",,,,
"Not Found",,,,
"Not Found",,,,
"Not Found",,,,
"Not Found",,,,
"Not Found",,,,
"Not Found",,,,
"Not Found",,,,
"Not Found",,,,
"Not Found",,,,
"Not Found",,,,
"Not Found",,,,
"Not Found",,,,
"Not Found",,,,
"Not Found",,,,
"Not Found",,,,
"Not Found",,,,
"Not Found",,,,
"Not Found",,,,
"Not Found",,,,
"Not Found",,,,
"Not Found",,,,
"Not Found",,,,
"Not Found",,,,
"Not Found",,,,
"Not Found",,,,
"Not Found",,,,
"Not Found",,,,
"Not Found",,,,
"Not Found",,,,
"Not Found",,,,
"Not Found",,,,
"Not Found",,,,
"Not Found",,,,
"Not Found",,,,
"Not Found",,,,
"Not Found",,,,
"Not Found",,,,
"Not Found",,,,
"Not Found",,,,
"Not Found",,,,
"Not Found",,,,
"Not Found",,,,
"Not Found",,,,
"Not Found",,,,
"Not Found",,,,
"Not Found",,,,
"Not Found",,,,
"Not Found",,,,
"Not Found",,,,
"Not Found",,,,
"Not Found",,,,
"Not Found",,,,
"Not Found",,,,
"Not Found",,,,
"Not Found",,,,
"Not Found",,,,
"Not Found",,,,
"Not Found",,,,
"Not Found",,,,
"Not Found",,,,
"Not Found",,,,
"Not Found",,,,
"Not Found",,,,
"Not Found",,,,
"Not Found",,,,
"Not Found",,,,
"Not Found",,,,
"Not Found",,,,
"Not Found",,,,
"Not Found",,,,
"Not Found",,,,
"Not Found",,,,
"Not Found",,,,
"Not Found",,,,
"Not Found",,,,
"Not Found",,,,
"Not Found",,,,
"Not Found",,,,
"Not Found",,,,
"Not Found",,,,
"Not Found",,,,
"Not Found",,,,
"Not Found",,,,
"Not Found",,,,
"Not Found",,,,
"Not Found",,,,
"Not Found",,,,
"Not Found",,,,
"Not Found",,,,
"Not Found",,,,
"Not Found",,,,
"Not Found",,,,
"Not Found",,,,
"Not Found",,,,
"Not Found",,,,
"Not Found",,,,
"Not Found",,,,
"Not Found",,,,
"Not Found",,,,
"Not Found",,,,
"Not Found",,,,
"Not Found",,,,
"Not Found",,,,
"Not Found",,,,
,-2,"open","ENOENT","/Users/aidnurs/coding/bachelor/practicalplants/wiki/Template:Plant/index.html"
"Not Found",,,,
"Not Found",,,,
"Not Found",,,,
"Not Found",,,,
"Not Found",,,,
"Not Found",,,,
"Not Found",,,,
"Not Found",,,,
"Not Found",,,,
"Not Found",,,,
"Not Found",,,,
"Not Found",,,,
"Not Found",,,,
"Not Found",,,,
"Not Found",,,,
"Not Found",,,,
"Not Found",,,,
"Not Found",,,,
"Not Found",,,,
"Not Found",,,,
"Not Found",,,,
"Not Found",,,,
"Not Found",,,,
"Not Found",,,,
"Not Found",,,,
"Not Found",,,,
"Not Found",,,,
"Not Found",,,,
"Not Found",,,,
"Not Found",,,,
"Not Found",,,,
"Not Found",,,,
"Not Found",,,,
"Not Found",,,,
"Not Found",,,,
"Not Found",,,,
"Not Found",,,,
"Not Found",,,,
"Not Found",,,,
"Not Found",,,,
"Not Found",,,,
"Not Found",,,,
"Not Found",,,,
"Not Found",,,,
"Not Found",,,,
"Not Found",,,,
"Not Found",,,,
"Not Found",,,,
"Not Found",,,,
"Not Found",,,,
"Not Found",,,,
"Not Found",,,,
"Not Found",,,,
"Not Found",,,,
"Not Found",,,,
"Not Found",,,,
"Not Found",,,,
"Not Found",,,,
"Not Found",,,,
"Not Found",,,,
"Not Found",,,,
"Not Found",,,,
"Not Found",,,,
"Not Found",,,,
"Not Found",,,,
"Not Found",,,,
"Not Found",,,,
"Not Found",,,,
"Not Found",,,,
"Not Found",,,,
"Not Found",,,,
"Not Found",,,,
"Not Found",,,,
"Not Found",,,,
"Not Found",,,,
"Not Found",,,,
"Not Found",,,,
"Not Found",,,,
"Not Found",,,,
"Not Found",,,,
"Not Found",,,,
"Not Found",,,,
"Not Found",,,,
"Not Found",,,,
"Not Found",,,,
"Not Found",,,,
"Not Found",,,,
"Not Found",,,,
"Not Found",,,,
"Not Found",,,,
"Not Found",,,,
"Not Found",,,,
"Not Found",,,,
"Not Found",,,,
"Not Found",,,,
"Not Found",,,,
"Not Found",,,,
"Not Found",,,,
"Not Found",,,,
"Not Found",,,,
"Not Found",,,,
"Not Found",,,,
"Not Found",,,,
"Not Found",,,,
"Not Found",,,,
"Not Found",,,,
"Not Found",,,,
"Not Found",,,,
"Not Found",,,,
"Not Found",,,,
"Not Found",,,,
"Not Found",,,,
"Not Found",,,,
"Not Found",,,,
"Not Found",,,,
"Not Found",,,,
"Not Found",,,,
"Not Found",,,,
"Not Found",,,,
"Not Found",,,,
"Not Found",,,,
"Not Found",,,,
"Not Found",,,,
"Not Found",,,,
"Not Found",,,,
"Not Found",,,,
"Not Found",,,,
"Not Found",,,,
"Not Found",,,,
"Not Found",,,,
"Not Found",,,,
"Not Found",,,,
"Not Found",,,,
"Not Found",,,,
"Not Found",,,,
"Not Found",,,,
"Not Found",,,,
"Not Found",,,,
"Not Found",,,,
"Not Found",,,,
"Not Found",,,,
"Not Found",,,,
"Not Found",,,,
"Not Found",,,,
"Not Found",,,,
"Not Found",,,,
"Not Found",,,,
"Not Found",,,,
"Not Found",,,,
"Not Found",,,,
"Not Found",,,,
"Not Found",,,,
"Not Found",,,,
"Not Found",,,,
"Not Found",,,,
"Not Found",,,,
"Not Found",,,,
"Not Found",,,,
"Not Found",,,,
"Not Found",,,,
"Not Found",,,,
"Not Found",,,,
"Not Found",,,,
"Not Found",,,,
"Not Found",,,,
"Not Found",,,,
"Not Found",,,,
"Not Found",,,,
"Not Found",,,,
"Not Found",,,,
"Not Found",,,,
"Not Found",,,,
"Not Found",,,,
"Not Found",,,,
"Not Found",,,,
"Not Found",,,,
"Not Found",,,,
"Not Found",,,,
"Not Found",,,,
"Not Found",,,,
"Not Found",,,,
"Not Found",,,,
"Not Found",,,,
"Not Found",,,,
"Not Found",,,,
"Not Found",,,,
"Not Found",,,,
"Not Found",,,,
"Not Found",,,,
"Not Found",,,,
"Not Found",,,,
"Not Found",,,,
"Not Found",,,,
"Not Found",,,,
"Not Found",,,,
"Not Found",,,,
"Not Found",,,,
"Not Found",,,,
"Not Found",,,,
"Not Found",,,,
"Not Found",,,,
"Not Found",,,,
"Not Found",,,,
"Not Found",,,,
"Not Found",,,,
"Not Found",,,,
"Not Found",,,,
"Not Found",,,,
"Not Found",,,,
"Not Found",,,,
"Not Found",,,,
"Not Found",,,,
"Not Found",,,,
"Not Found",,,,
"Not Found",,,,
"Not Found",,,,
"Not Found",,,,
"Not Found",,,,
"Not Found",,,,
"Not Found",,,,
"Not Found",,,,
"Not Found",,,,
"Not Found",,,,
"Not Found",,,,
"Not Found",,,,
"Not Found",,,,
"Not Found",,,,
"Not Found",,,,
"Not Found",,,,
"Not Found",,,,
"Not Found",,,,
"Not Found",,,,
"Not Found",,,,
"Not Found",,,,
"Not Found",,,,
"Not Found",,,,
"Not Found",,,,
"Not Found",,,,
"Not Found",,,,
"Not Found",,,,
"Not Found",,,,
"Not Found",,,,
"Not Found",,,,
"Not Found",,,,
"Not Found",,,,
"Not Found",,,,
"Not Found",,,,
"Not Found",,,,
"Not Found",,,,
"Not Found",,,,
"Not Found",,,,
"Not Found",,,,
"Not Found",,,,
"Not Found",,,,
"Not Found",,,,
"Not Found",,,,
"Not Found",,,,
"Not Found",,,,
"Not Found",,,,
"Not Found",,,,
"Not Found",,,,
"Not Found",,,,
"Not Found",,,,
"Not Found",,,,
"Not Found",,,,
"Not Found",,,,
"Not Found",,,,
"Not Found",,,,
"Not Found",,,,
"Not Found",,,,
"Not Found",,,,
"Not Found",,,,
"Not Found",,,,
"Not Found",,,,
"Not Found",,,,
"Not Found",,,,
"Not Found",,,,
"Not Found",,,,
"Not Found",,,,
"Not Found",,,,
"Not Found",,,,
"Not Found",,,,
"Not Found",,,,
"Not Found",,,,
"Not Found",,,,
"Not Found",,,,
"Not Found",,,,
"Not Found",,,,
"Not Found",,,,
"Not Found",,,,
"Not Found",,,,
"Not Found",,,,
"Not Found",,,,
"Not Found",,,,
"Not Found",,,,
"Not Found",,,,
"Not Found",,,,
"Not Found",,,,
"Not Found",,,,
"Not Found",,,,
"Not Found",,,,
"Not Found",,,,
"Not Found",,,,
"Not Found",,,,
"Not Found",,,,
"Not Found",,,,
"Not Found",,,,
"Not Found",,,,
"Not Found",,,,
"Not Found",,,,
"Not Found",,,,
"Not Found",,,,
"Not Found",,,,
"Not Found",,,,
"Not Found",,,,
"Not Found",,,,
"Not Found",,,,
"Not Found",,,,
"Not Found",,,,
"Not Found",,,,
"Not Found",,,,
"Not Found",,,,
"Not Found",,,,
"Not Found",,,,
"Not Found",,,,
"Not Found",,,,
"Not Found",,,,
"Not Found",,,,
"Not Found",,,,
"Not Found",,,,
"Not Found",,,,
"Not Found",,,,
"Not Found",,,,
"Not Found",,,,
"Not Found",,,,
"Not Found",,,,
"Not Found",,,,
"Not Found",,,,
"Not Found",,,,
"Not Found",,,,
"Not Found",,,,
"Not Found",,,,
"Not Found",,,,
"Not Found",,,,
"Not Found",,,,
"Not Found",,,,
"Not Found",,,,
"Not Found",,,,
"Not Found",,,,
"Not Found",,,,
"Not Found",,,,
"Not Found",,,,
"Not Found",,,,
"Not Found",,,,
"Not Found",,,,
"Not Found",,,,
"Not Found",,,,
"Not Found",,,,
"Not Found",,,,
"Not Found",,,,
"Not Found",,,,
"Not Found",,,,
"Not Found",,,,
"Not Found",,,,
"Not Found",,,,
"Not Found",,,,
"Not Found",,,,
"Not Found",,,,
"Not Found",,,,
"Not Found",,,,
"Not Found",,,,
"Not Found",,,,
"Not Found",,,,
"Not Found",,,,
"Not Found",,,,
"Not Found",,,,
"Not Found",,,,
"Not Found",,,,
"Not Found",,,,
"Not Found",,,,
"Not Found",,,,
"Not Found",,,,
"Not Found",,,,
"Not Found",,,,
"Not Found",,,,
"Not Found",,,,
"Not Found",,,,
"Not Found",,,,
"Not Found",,,,
"Not Found",,,,
"Not Found",,,,
"Not Found",,,,
"Not Found",,,,
"Not Found",,,,
"Not Found",,,,
"Not Found",,,,
"Not Found",,,,
"Not Found",,,,
"Not Found",,,,
"Not Found",,,,
"Not Found",,,,
"Not Found",,,,
"Not Found",,,,
"Not Found",,,,
"Not Found",,,,
"Not Found",,,,
"Not Found",,,,
"Not Found",,,,
"Not Found",,,,
"Not Found",,,,
"Not Found",,,,
"Not Found",,,,
"Not Found",,,,
"Not Found",,,,
"Not Found",,,,
"Not Found",,,,
"Not Found",,,,
"Not Found",,,,
"Not Found",,,,
"Not Found",,,,
"Not Found",,,,
"Not Found",,,,
"Not Found",,,,
"Not Found",,,,
"Not Found",,,,
"Not Found",,,,
"Not Found",,,,
"Not Found",,,,
"Not Found",,,,
"Not Found",,,,
"Not Found",,,,
"Not Found",,,,
"Not Found",,,,
"Not Found",,,,
"Not Found",,,,
"Not Found",,,,
"Not Found",,,,
"Not Found",,,,
"Not Found",,,,
"Not Found",,,,
"Not Found",,,,
"Not Found",,,,
"Not Found",,,,
"Not Found",,,,
"Not Found",,,,
"Not Found",,,,
"Not Found",,,,
"Not Found",,,,
"Not Found",,,,
"Not Found",,,,
"Not Found",,,,
"Not Found",,,,
"Not Found",,,,
"Not Found",,,,
"Not Found",,,,
"Not Found",,,,
"Not Found",,,,
"Not Found",,,,
"Not Found",,,,
"Not Found",,,,
"Not Found",,,,
"Not Found",,,,
"Not Found",,,,
"Not Found",,,,
"Not Found",,,,
"Not Found",,,,
"Not Found",,,,
"Not Found",,,,
"Not Found",,,,
"Not Found",,,,
"Not Found",,,,
"Not Found",,,,
"Not Found",,,,
"Not Found",,,,
"Not Found",,,,
"Not Found",,,,
"Not Found",,,,
"Not Found",,,,
"Not Found",,,,
"Not Found",,,,
"Not Found",,,,
"Not Found",,,,
"Not Found",,,,
"Not Found",,,,
"Not Found",,,,
"Not Found",,,,
"Not Found",,,,
"Not Found",,,,
"Not Found",,,,
"Not Found",,,,
"Not Found",,,,
"Not Found",,,,
"Not Found",,,,
"Not Found",,,,
"Not Found",,,,
"Not Found",,,,
"Not Found",,,,
"Not Found",,,,
"Not Found",,,,
"Not Found",,,,
"Not Found",,,,
"Not Found",,,,
"Not Found",,,,
"Not Found",,,,
"Not Found",,,,
"Not Found",,,,
"Not Found",,,,
"Not Found",,,,
"Not Found",,,,
"Not Found",,,,
"Not Found",,,,
"Not Found",,,,
"Not Found",,,,
"Not Found",,,,
"Not Found",,,,
"Not Found",,,,
"Not Found",,,,
"Not Found",,,,
"Not Found",,,,
"Not Found",,,,
"Not Found",,,,
"Not Found",,,,
"Not Found",,,,
"Not Found",,,,
"Not Found",,,,
"Not Found",,,,
"Not Found",,,,
"Not Found",,,,
"Not Found",,,,
"Not Found",,,,
"Not Found",,,,
"Not Found",,,,
"Not Found",,,,
"Not Found",,,,
"Not Found",,,,
"Not Found",,,,
"Not Found",,,,
"Not Found",,,,
"Not Found",,,,
"Not Found",,,,
"Not Found",,,,
"Not Found",,,,
"Not Found",,,,
"Not Found",,,,
"Not Found",,,,
"Not Found",,,,
"Not Found",,,,
"Not Found",,,,
"Not Found",,,,
,-2,"open","ENOENT","/Users/aidnurs/coding/bachelor/practicalplants/wiki/_resources/index.html"
